˾,ϵ,ϵʽ,˾
¡ԤӦֽ޹˾,˺,13252314671,ҵ¼>Ӷҵ¼>Ӷеҵ¼
γ;ï칫Ҿ޹˾,Сκ,17702289221,ҵ¼>ҵ¼>Ҿҵ¼
ʢ칫Ҿ,С,13302135661,ҵ¼>ҵ¼>칫ҵ¼
ʢɣ򣩿Ƽչ޹˾,,18222169098,ҵ¼>Ͽҵ¼>ϿƷҵ¼
оЭó޹˾,,13388080263,ҵ¼>Ӷҵ¼>Ӷҵҵ¼
жؿƼ޹˾,,13277133100,ҵ¼>ҵ¼>ڹҵ¼
֧޹˾,,13175700458,ҵ¼>ҵ¼>̫ҵ¼
άֹܵ޹˾,º,18611936662,ҵ¼>ҵ¼>̫ҵ¼
Ӵ򣩹ó޹˾,,15102222821,ҵ¼>ҵ¼>̫ҵ¼
Ƽɷ޹˾,,15620788526,ҵ¼>ҵ¼>ͻҵ¼
ǲά޹˾,,022-87803100,ҵ¼>ҵ¼>ͻҵ¼
ƷۿƼ޹˾,,15630695559,ҵ¼>ҵ¼>ͻҵ¼
нܲԿƼ޹˾,λƽ,13820089833,ҵ¼>ҵ¼>LEDҵ¼
㻷޹˾,,022-58229120,ҵ¼>Ӷҵ¼>Ӷůͨյҵ¼
ŵͨ羻豸޹˾,˧,13820013297,ҵ¼>ҵ¼>ůͨյҵ¼
𰲿Ƽ޹˾,,18622792515,ҵ¼>Ͽҵ¼>Ͽůͨյҵ¼
ͨ豸޹˾,־,18602655795,ҵ¼>ҵ¼>ůͨյҵ¼
ŷܿƼ޹˾,,13102195033,ҵ¼>ҵ¼>ůͨյҵ¼
Դִ豸޹˾,ҽ,022-60500396,ҵ¼>ҵ¼>豸ҵ¼
ɻе豸޹˾,,022-23414383,ҵ¼>Ͽҵ¼>Ͽ豸ҵ¼
嫲޹˾,ţǿ,13820109121,ҵ¼>ҵ¼>豸ҵ¼
бڼѳϻܳ,ٷ,13821475819,ҵ¼>ҵ¼>豸ҵ¼
򰲴˹Զ豸ι˾,,18920077606,ҵ¼>ҵ¼>ҵ¼
̩Ƽչ޹˾,Ө,19902197116,ҵ¼>Ͽҵ¼>ϿITҵ¼
Ϣ޹˾,Ϲ,18522459003,ҵ¼>Ͽҵ¼>ϿITҵ¼
˶ɽƼ޹˾,̲,15522939677,ҵ¼>ҵ¼>ӼҾҵ¼
бԡ,,18622216299,ҵ¼>ҵ¼>Ҿҵ¼
кӶɫ,з,15620903005,ҵ¼>ҵ¼>Ʒҵ¼
пͯ߳,¾,15900258766,ҵ¼>ҵ¼>Ʒҵ¼
ŨƼ޹˾,Сѩ,15502219877,ҵ¼>ҵ¼>Ʒҵ¼
)׿Ƽ޹˾,ѩ,15620831786,ҵ¼>ҵ¼>Ʒҵ¼
ʱʺͷز޹˾,,15112644353,ҵ¼>Ӷҵ¼>ӶƷҵ¼
н̩칫Ҿ޹˾,˫,022-58669683,ҵ¼>ҵ¼>칫ҵ¼
ึݿƼ޹˾,,022-59096207,ҵ¼>ҵ¼>칫ҵ¼
жԶ칫Ҿ,εϼ,13370357165,ҵ¼>ҵ¼>Ҿҵ¼
ǧľGҾߣ޹˾,ﶫ,15620990987,ҵ¼>ҵ¼>Ҿҵ¼
̩Ҿ޹˾,εϼ,18722566819,ҵ¼>ҵ¼>ۼҾҵ¼
ึ޹˾,,022-1580221-9860,ҵ¼>ҵ¼>칫ҵ¼
˼ɳʵҵչ޹˾,,15620757766,ҵ¼>ҵ¼>Ҿҵ¼
Ƽ޹˾,,13612047910,ҵ¼>ӱҵ¼>ӱҾҵ¼
̩򣩼Ҿ޹˾,̩Ҿ-G,15022698015,ҵ¼>ҵ¼>Ҿҵ¼
кľѿƼ޹˾,,13672145319,ҵ¼>ҵ¼>Ҿҵ¼
רɷ޹˾,,18871888861,ҵ¼>ҵ¼>ҵ¼
λ缼޹˾,ѩΰ,18526349149,ҵ¼>ҵ¼>еҵ¼
лʢԴ豸޹˾,ž,18622580662,ҵ¼>ҵ¼>еҵ¼
µ»е޹˾,ΰ,18812663551,ҵ¼>ҵ¼>еҵ¼
̩е豸޹˾,,15031729626,ҵ¼>ҵ¼>еҵ¼
˫ҫ()嶯豸޹˾,,15022550077,ҵ¼>ҵ¼>еҵ¼
Ⱥʯפ,,18322625968,ҵ¼>Ͽҵ¼>Ͽҵ¼>Ⱥʯפ
豸޹˾,Ī,13370311585,ҵ¼>ҵ¼>豸ҵ¼>豸޹˾
ͨά޹˾,ʦ,138-21957495,ҵ¼>ҵ¼>ҵ¼
ڴع˾,,17695467954,ҵ¼>ƽҵ¼>ƽҵ¼
ԴҵƼ޹˾,Ի,18222802100,ҵ¼>ҵ¼>еҵ¼
չɷ޹˾,С,13821219609,ҵ¼>ҵ¼>еҵ¼
αԵе޹˾,ƽ,13682053938,ҵ¼>ҵ¼>еҵ¼
ִֵܿƼ޹˾,쾭,18526080691,ҵ¼>ҵ¼>Żеҵ¼
иε޹˾,,13806081658,ҵ¼>Ͽҵ¼>Ͽеҵ¼
еӺƼ޹˾,  ˫,13752547688,ҵ¼>ҵ¼>еҵ¼
Ң˴ĵֲ޹˾,,18622217599,ҵ¼>ҵ¼>԰ҵ¼
ó޹˾,ﾭ,13662070005,ҵ¼>ҵ¼>ũҵ¼
,,15522890243,ҵ¼>ҵ¼>ũҵ¼
ƻе()ɷ޹˾,ѧ,13752382743,ҵ¼>ҵ¼>˿ҵ¼
ԴʢƼ޹˾,,13833813581,ҵ¼>ҵ¼>˿ҵ¼
оؾʯӢʯƷ,챣,18622491888,ҵ¼>ҵ¼>ʯҵ¼
ͨǽ޹˾,Ƽ,18201049349,ҵ¼>ҵ¼>ʯҵ¼
ѳ޹˾,Ѧ,15722226644,ҵ¼>ҵ¼>˿ҵ¼
ºͨó޹˾,,13312044678,ҵ¼>ҵ¼>˿ҵ¼
ͬӯӹ,,13920185557,ҵ¼>Ͽҵ¼>Ͽũҵ¼
򰲻ſƼ޹˾,ʫ,022-87614980,ҵ¼>Ͽҵ¼>Ͽũҵ¼
б綯ֳ,ʱŮʿ,18602269272,ҵ¼>ҵ¼>ũҵ¼
޹˾,Ѧ˼,15002230053,ҵ¼>ҵ¼>ũҵ¼
ũŴũҵƼ޹˾,÷,18630834967,ҵ¼>ҵ¼>ũҵ¼
Ҵ޹˾,,18020081338,ҵ¼>ҵ¼>ũҵ¼
ζֹ޹˾,·,13294309581,ҵ¼>ҵ¼>ũҵ¼
ʢȨֹܹɷ޹˾,,18622007619,ҵ¼>ҵ¼>԰ҵ¼
()ũҵƼչ޹˾,,15722094086,ҵ¼>Ͽҵ¼>Ͽ԰ҵ¼
оǿ޹˾,½,022-28133088,ҵ¼>ҵ¼>ҵ¼
ɻ޹˾,¬,18902161398,ҵ¼>ҵ¼>廯ҵ¼
ӰͶ,,15510965907,ҵ¼>ҵ¼>Ŀҵ¼
֧ͨƼ޹˾,Ÿ,18522569780,ҵ¼>ҵ¼>Ŀҵ¼
ó޹˾,¸,18647821948,ҵ¼>ҵ¼>ҵ¼
Զ,,15692287327,ҵ¼>ҵ¼>ҵ¼
ҶȻ޹˾,,15822772522,ҵ¼>ҵ¼>໯ҵ¼
ɻƷ޹˾,,15302128667,ҵ¼>ҵ¼>廯ҵ¼
лѧϺ޹˾ֹ˾,Ų,022-83192336-155,ҵ¼>ƽҵ¼>ƽҵ¼
ǿ¡ó޹˾,κŮʿ,022-65315835,ҵ¼>ҵ¼>ҵ¼
̫ǻѧԼ޹˾,,022-59582628,ҵ¼>Ӷҵ¼>Ӷҵ¼
޹˾,,18822346518,ҵ¼>ҵ¼>ҵ¼
򿵺ʻ޹˾,Ծ,13833661821,ҵ¼>Ͽҵ¼>Ͽҵ¼
ںó޹˾,ǿ,18630826310,ҵ¼>ҵ¼>ػҵ¼
ó޹˾,,13001348099,ҵ¼>ҵ¼>ҵ¼
޹˾,ѩ,13114816889,ҵ¼>ҵ¼>廯ҵ¼
иϼƼ޹˾,⽨ƽ,022-26268821,ҵ¼>ӱҵ¼>ӱҵ¼
򶫹⽨޹˾,˷,13821318033,ҵ¼>ҵ¼>໯ҵ¼
ػ޹˾,,15902206342,ҵ¼>ҵ¼>ҵ¼
кʢó޹˾,¾,13011365480,ҵ¼>ҵ¼>Żҵ¼
нԴܻƼ޹˾,,18532339658,ҵ¼>ҵ¼>ҵ¼
̩̥ó޹˾,,15602086612,ҵ¼>ҵ¼>໯ҵ¼
˼Ƽչ޹˾,ű,15822721002,ҵ¼>Ͽҵ¼>Ͽҵ¼
ڻ¡Ƽ޹˾,Ժ,13102221790,ҵ¼>ҵ¼>廯ҵ¼
޹˾,Ŵ,15022696047,ҵ¼>ҵ¼>ҵ¼
пɰﻯƷ޹˾,,13821881475,ҵ¼>ҵ¼>廯ҵ¼
̩Զʻ˴޹˾,,15302033309,ҵ¼>ܱҵ¼>ܱƤҵ¼
װ걾մ,,17694867397,ҵ¼>ҵ¼>Ьҵ¼
𺽿Ʊ޹˾,,13672166568,ҵ¼>Ӷҵ¼>Ӷ˶ҵ¼
м®,Ϸȫ,15824824823,ҵ¼>Ӷҵ¼>Ӷ˶ҵ¼
׿ڽ,ʦ,13920063259,ҵ¼>Ͽҵ¼>Ͽװҵ¼
˳ʱƼ޹˾,С,13071011801,ҵ¼>ҵ¼>װҵ¼
ʳƷ޹˾,С,18920326596,ҵ¼>ҵ¼>ʳҵ¼
ʹȼƼչ޹˾,̴ΰ,16511435253,ҵ¼>ҵ¼>ʳҵ¼
ʢó޹˾,Ƿ,15900305117,ҵ¼>ҵ¼>Ʒҵ¼
󻬿Ƽ޹˾,ƾ,022-22910467,ҵ¼>ҵ¼>Ʒҵ¼
˳Żе豸޹˾,Ӣ,13642065036,ҵ¼>ҵ¼>Ʒҵ¼
ӱƹܵ޹˾,,18733750333,ҵ¼>ҵ¼>ݽҵ¼>ӱƹܵ޹˾
۴﹤ó޹˾,,15620237548,ҵ¼>ҵ¼>ӹҵ¼
βƼ޹˾,,18322711596,ҵ¼>ҵ¼>ҵ¼
Ʒ޹˾,,13821123698,ҵ¼>ҵ¼>װҵ¼
ǿ׿Ƽ޹˾,,15871449835,ҵ¼>Ӷҵ¼>Ӷװҵ¼
ʢֽƷ޹˾,,17319138970,ҵ¼>ҵ¼>ذװҵ¼
򿭵󻷱Ƽ޹˾,̺,13810176001,ҵ¼>ҵ¼>ˮҵҵ¼
ݹƷϢƼ޹˾,,13389073593,ҵ¼>Ͽҵ¼>Ͽҵ¼
δ豸޹˾,ѩ,022-87887680,ҵ¼>ҵ¼>ҵ¼
Դҵ޹˾,,18203176100,ҵ¼>ҵ¼>ҵ¼
򸣴װι޹˾,Ӣ,18249876437,ҵ¼>Ӷҵ¼>Ӷҵ¼
ƿ˾ó޹˾,޻,15883655084,ҵ¼>ҵ¼>ػҵ¼
رе豸޹˾,,17030278532,ҵ¼>Ӷҵ¼>Ӷҵ¼
¿Ƽι˾,ﾭ,010-67832078,ҵ¼>ҵ¼>Żҵ¼
公司名,联系人,联系方式,公司所属类别
天津隆恒预应力钢绞线有限公司,董克海,13252314671,企业名录>河东企业名录>河东机械企业名录
星河（天津）孵化器有限公司,耿女士,15033414017,企业名录>河西企业名录>河西商务服务企业名录
天津安泰远达国际货运代理有限公司,李先生,15302033309,企业名录>天津周边企业名录>天津周边皮具企业名录
河北步滩内衣有限公司,王守波,15522105118,企业名录>西青企业名录>西青服饰企业名录
天津泰成东亚国际拍卖有限公司,高经理,13370320130,企业名录>河西企业名录>河西古玩企业名录
公司名,联系人,联系方式,公司所属类别
天津隆恒预应力钢绞线有限公司,董克海,13252314671,企业名录>河东企业名录>河东机械企业名录
星河（天津）孵化器有限公司,耿女士,15033414017,企业名录>河西企业名录>河西商务服务企业名录
天津安泰远达国际货运代理有限公司,李先生,15302033309,企业名录>天津周边企业名录>天津周边皮具企业名录
北京越上智能科技有限公司,郭瑞,18511252220,企业名录>滨海新区企业名录>滨海新区智能企业名录
河北步滩内衣有限公司,王守波,15522105118,企业名录>西青企业名录>西青服饰企业名录
天津市艾达欧德国际贸易有限公司,胡建印,17039663333,企业名录>静海企业名录>静海古玩企业名录
天津泰成东亚国际拍卖有限公司,高经理,13370320130,企业名录>河西企业名录>河西古玩企业名录
天津丰唐物联技术有限公司,张金伟,13802078901,企业名录>河西企业名录>河西智能企业名录
天津市滨海新区五丰珠宝首饰商店,张先生,13277219799,企业名录>天津周边企业名录>天津周边珠宝企业名录
天津市和平区英华珠宝首饰销售店,王经理,17611792181,企业名录>和平企业名录>和平珠宝企业名录
天津小萌希奥总经销商,田金龙,13512007173,企业名录>南开企业名录>南开母婴企业名录
天津龙达伟业物流有限公司,刘经理,13164052883,企业名录>东丽企业名录>东丽物流企业名录
天津津通报关股份有限公司,王大伟,13602163165,企业名录>滨海新区企业名录>滨海新区物流企业名录
天津金凯德国际货运代理有限公司,李非,17622700389,企业名录>河西企业名录>河西物流企业名录
天津市英和房屋加固拆除工程有限责任公司,赵女士,13323400693,企业名录>北辰企业名录>北辰生活服务企业名录
法利莱装配式建筑（天津）有限公司,张绍云,18202201333,企业名录>东丽企业名录>东丽生活服务企业名录
天津滴滴汽车租赁有限公司,吴昊,17821520442,企业名录>南开企业名录>南开生活服务企业名录
天津弘茂报关行有限公司,顾婷婷,18222926127,企业名录>塘沽企业名录>塘沽交通运输企业名录
天津市振东保安服务有限公司,肖经理,18222584079,企业名录>北辰企业名录>北辰生活服务企业名录
天津鑫特集装箱制造有限公司,门先生,13512825557,企业名录>静海企业名录>静海交通运输企业名录
天津科瑞嘉机电技术有限公司,邓雪伟,18526349149,企业名录>静海企业名录>静海机械企业名录
天津金诚信机电科技有限公司,孙其庆,13512006672,企业名录>津南企业名录>津南机械企业名录
天津市蓟县龙建丰液压机械有限公司,李晓庆,13502006351,企业名录>蓟县企业名录>蓟县机械企业名录
天津双河泵业有限公司,张亚龙,022-28667766,企业名录>津南企业名录>津南机械企业名录
天津铂鳞机电设备技术有限公司,于工,18630367442,企业名录>和平企业名录>和平机械企业名录
天津博拓奔达模具有限公司,宋华胜,18702202931,企业名录>津南企业名录>津南机械企业名录
天津宏泰机械设备制造有限公司,王经理,15031729626,企业名录>静海企业名录>静海机械企业名录
天津市锦云科技有限公司,黄智勇,18222361996,企业名录>北辰企业名录>北辰机械企业名录
德能泵业（天津）有限公司,李艳江,13920414500,企业名录>津南企业名录>津南机械企业名录
天津盛维优科技发展有限公司,郝培领,13820532512,企业名录>河西企业名录>河西机械企业名录
