标题,链接,简介
这可能是你见过的最全的Python爬虫干货总结！,https://www.jianshu.com/p/7b91be6fcc45,本次分享从抓取、解析、存储、反爬、加速五个方面介绍了利用 Python 进行网络爬虫开发的相关知识点和技巧，介绍了不同场景下如何采取不同措施高效...
韩国女团最喜欢的英文单词是哪些？用Python来帮你分析分析,https://www.jianshu.com/p/996a158a8be5,韩国女团的起名思路别具一格。明明都身在地球，却要"hello venus"(金星你好)；明明一身清凉夏日装，组合名字却偏偏要叫"red velv...
爬取猫眼电影top100，request、beautifulsoup运用,https://www.jianshu.com/p/aa19130543fa,这是第三篇爬虫实战，运用request请求，beautifulsoup解析，mysql储存。如果你正在学习爬虫，本文是比较好的选择，建议在学习的...
震惊！Python正式登顶世界第一,https://www.jianshu.com/p/dc22dc25678a,最近在刷技术博客时，看到了 编程语言流行指数(PYPL)排行榜近日公布了2019年2月份的最新榜单，多年王者Java终于跌落神坛，Python则...
确认过眼神，2019最强Python书单，这里一定有你的菜，强力赠送！,https://www.jianshu.com/p/9c96fdaf6017,Python 是军刀型的开源工具，被广泛应用于Web 开发、爬虫、数据清洗、自然语言处理、机器学习和人工智能等方面，而且Python 的语法简洁...
写给期待年薪百万的IT同学,https://www.jianshu.com/p/a51560c56ff6,有点标题党了哈，大家不用纠结百万年薪。百万不是一个确定的数字，就是高薪的意思。 说回正题，上一篇《给转型做技术的同学的一些建议》发出后，有不少同...
scrapy结合selenium进行动态加载页面内容爬取,https://www.jianshu.com/p/87ab84828a5d,动态页面与静态页面 比较常见的页面形式可以分为两种： 静态页面 动态页面 静态页面和动态页面的区别 使用requests进行数据获取的时候一般使...
起点小说网全站爬虫(Python),https://www.jianshu.com/p/1fa78bb0ece4,网络文学随互联网的崛起而崛起，在时间日益碎片化的今天，网络文学以其方便快捷的特点适应了人们的娱乐性需求，因而也快速成长一个巨大的市场。娱乐是人们...
太嚣张了！他竟用Python绕过了“验证码”,https://www.jianshu.com/p/72d28228729a,准备工作 这里我们使用 OpenCV 做图像处理，所以需要安装下面两个库： 加小编Python学习群：943752371即可获取数十套Pytho...
Python抓取股票数据，如何用python编程赚取第一桶金？,https://www.jianshu.com/p/00cddd6ce53e,"Python开发的一个快速,高层次的屏幕抓取和web抓取框架，用于抓取web站点并从页面中提取结构化的数据。Scrapy用途广泛，可以用于数据挖..."
老板丢给我60万行的Excel数据，幸亏我会Python，不然就惨了,https://www.jianshu.com/p/70e30e72dd76,一个朋友在某运动品牌公司上班，老板给他布置了一个处理客户订单数据的任务。要求是根据订单时间和客户id判断生成四个新的数据： 1、记录该客户是第几...
老司机用python脚本刷微信读书的时长,https://www.jianshu.com/p/231a5f3591ef,"微信读书有一个鼓励机制, 一周阅读5小时可兑换10书币，每周日晚清空一周的总读书时长，没兑换的时长不计入下一周(1书币 == 1块钱) 作为一个..."
利用Python制作自动抢火车票小程序，过年再也不要担心没票了！,https://www.jianshu.com/p/7c76847c6610,前言 每次过年很多人都会因为抢不到火车票而回不了家，所以小编利用Python写了一个自动抢火车票的工具，希望大家能抢到火车票，回家过个好年！ 话...
python3解决pip升级到10.0.1之后会遇到的错误：module 'pip' has no attribute 'main',https://www.jianshu.com/p/373d04d80f3e,错误：module 'pip' has no attribute 'main' pip升级到10.0.1之后可能会出现这个错误。 错误出现路径还...
人生苦短，我用Python - 越狱后如何在IOS设备上玩Python编程，2018-07-11,https://www.jianshu.com/p/add5fab368a0,测试设备 iPhone 7 Plus，iOS 11.3.1已越狱 需安装的插件 Python3.6 版本：3.6.4-6 源地址：https:/...
一个大胆的想法，爬取简书所有的文章信息,https://www.jianshu.com/p/7a8c30fbd684,在上一篇我们写了一个爬虫脚本，这个脚本可以通过用户的 uid爬取对应用户的所有文章的信息并保存到本地。 既然我们已经可以爬取单个用户的所有文章了...
网络爬虫设计中需要注意的几个问题,https://www.jianshu.com/p/9de102885b4f,做网络爬虫是件很有意义的事情。首先，它可以是一个专门的职业。从公司层面讲，业务和战略可能都需要很多数据进行多维度分析，所以现在很多公司都有专门的...
实战：爬取简书之搭建程序框架,https://www.jianshu.com/p/2c270ed4e262,上一篇一共提到了四个模块，这一篇我们来实现它们 请求模块 uid 解析模块 数据爬取模块 数据保存模块 一、请求模块 分析： 随机选择 user...
python中的del魔法方法,https://www.jianshu.com/p/5c9f531e3d9a,一、python中的del  方法: 在定义的类中存在del的方法，当类被删除时，程序自动执行del方法（注意：与init方法相反） 举个例子：...
(译)一个完整的Django入门指南---第7部分,https://www.jianshu.com/p/e2253ee392e8,1、前言 本篇文章是翻译 A Complete Beginner's Guide to Django 系列的最后一篇文章 A Complete ...
requests-html快速入门,https://www.jianshu.com/p/9d60cf2d3e64,Python上有一个非常著名的HTTP库――requests，相比大家都听说过，用过的人都说好！现在requests库的作者又发布了一个新库，叫...
爬取1000条百度百科词条,https://www.jianshu.com/p/38a78b73aa7d,爬虫是什么？ 爬虫是一段自动抓取互联网信息的程序，从而可以更好利用数据进行相关分析，做出相关决策。 简单的爬虫架构 如上图所示，这个架构主要分成...
python 让挑选家具更方便,https://www.jianshu.com/p/e1563b78268a,原文链接：https://mp.weixin.qq.com/s/tQ6uGBrxSLfJR4kk_GKB1Q 家中想置办些家具，听朋友介绍说苏州...
python编写GUI版网易云音乐爬虫,https://www.jianshu.com/p/25bc4822af16,"先来看效果图： 使用方法： 到网易云音乐,选择你想要下载的歌手或者歌单的音乐复制页面url地址，粘贴到程序的输入框中，点击下载按钮或者敲回车。等..."
python爬虫实战(1) -- 抓取boss直聘招聘信息,https://www.jianshu.com/p/a5907362ba72,系列文章python爬虫实战(1) -- 抓取boss直聘招聘信息python爬虫实战(2) -- MongoDB和数据清洗python爬虫实战...
50 行代码，实现中英文翻译,https://www.jianshu.com/p/3d98812d2271,阅读文本大概需要 4.2 分钟。 现在的时代，越来越看重英语能力。如果你懂得英语，你会接触到更大的世界，你会发现更多的信息。尤其是对于程序员来说...
Python 爬虫闯关（第二关）,https://www.jianshu.com/p/13baead681fa,在上次第一关爬虫闯关成功后，我们会得到第二关的地址：http://www.heibanke.com/lesson/crawler_ex01/。 ...
Python抓取网页数据的终极办法,https://www.jianshu.com/p/2860ff3f21a6,假设你在网上搜索某个项目所需的原始数据，但坏消息是数据存在于网页中，并且没有可用于获取原始数据的API。所以现在你必须浪费30分钟写脚本来获取数...
二刷爬虫―XPath,https://www.jianshu.com/p/63e2e5686363,lxml库里的etree模块 etree.HTML() 进行初始化，构造解析对象 etree.tostring() 修正后的HTML代码 etr...
《python网络数据采集》――第一天,https://www.jianshu.com/p/43bca8a47a44,7-16 学习pycharm的使用及复习基本语法 参考书籍：《Python编程：从入门到实践》《编程小白的第一本python编程入门书》 pyc...
爬虫框架pyspider的使用,https://www.jianshu.com/p/bfae053441e6,概要：了解了爬虫的基础知识后，接下来我们来使用框架来写爬虫，用框架会使我们写爬虫更加简单，接下来我们来了解一下，pyspider框架的使用，了解...
真实 Python 爬虫面试题,https://www.jianshu.com/p/6ebe6b85d3bb,阅读文本大概需要 5 分钟。 就在昨天我面试了，来到上海之后面试的第一家公司，面试过程挺顺利，不出意外今天下午就会收到 offer。面试完之后，...
《python网络数据采集》――第二天,https://www.jianshu.com/p/f9b19da9c18a,7-16 Beautifulsoup库 bs0bj =BeautifulSoup(html.read())运行之后系统会进行警告 这是没有设置默...
《python网络数据采集》――第三天,https://www.jianshu.com/p/9ab85c419c15,7-17 维基百科六度分割理论 也就是我们常说的小世界现象，两个不相认识的人，通过很少的中间人就能建立起联系指向词条页面的链接有三个共同点1.他...
利用世界杯，读懂 Python 装饰器,https://www.jianshu.com/p/2d0550704cda,Python 装饰器是在面试过程高频被问到的问题，装饰器也是一个非常好用的特性，熟练掌握装饰器会让你的编程思路更加宽广，程序也更加 python...
python利用web3.py开发以太坊应用dapp的实战教程,https://www.jianshu.com/p/0e06a625442c,以太坊作为最流行区块链平台，最大的特点是运行各种智能合约。我们已经出过node.js、java、php的以太坊开发实战教程，这一次是python...
Python入门到入土！史上最详细的函数教程！入门真的分分钟！,https://www.jianshu.com/p/9dc5cf393fcb,函数代码块以 def 关键词开头，后接函数标识符名称和圆括号()。 任何传入参数和自变量必须放在圆括号中间。圆括号之间可以用于定义参数。 函数的...
十个Python爬虫武器库示例，十个爬虫框架，十种实现爬虫的方法！,https://www.jianshu.com/p/dff78ce848d6,一般比价小型的爬虫需求，我是直接使用requests库 + bs4就解决了，再麻烦点就使用selenium解决js的异步 加载问题。相对比较大型...
selenium的使用（有点意思）,https://www.jianshu.com/p/b921d6c1dd6f,写在前面的话：在上一篇文章中，我们是通过分析Ajax请求，来获取我们想要的内容，那么对于动态网页的分析，我们还可以使用selenium来达到同样...
Python 爬虫闯关（第一关）,https://www.jianshu.com/p/6d1893e0214f,在学习爬虫时，遇到了一个有意思的网站，这个网站设置了几个关卡，需要经过爬虫进行闯关，随着关卡的网后，难度不断增加，在闯关的过程中需要学习不同的知...
python 携程爬虫开发笔记,https://www.jianshu.com/p/25e037716807,前言 最近购买了《Python3 爬虫、数据清洗与可视化实战》，刚好适逢暑假，就尝试从携程页面对广州的周边游产品进行爬虫数据捕捉。因为才学Pyt...
学技术，从性趣开始,https://www.jianshu.com/p/95dc8b074804,为什么这么说？ 因为我想学Python很久了，听说它能做很多只有你想不到，没有它做不到的事。然而事实很残酷，我是懒癌晚期患者，一直只专注在iOS...
python爬虫系列之数据存储实战：爬取简书用户文章列表并保存,https://www.jianshu.com/p/2f882a3f4ebb,前面讲了 json和 csv两个存储数据的库，在数据量比较少的时候，用这两个库很方便。 一、分析爬取逻辑 这一篇我们来爬取简书用户的文章列表，和...
Python爬虫实践入门篇,https://www.jianshu.com/p/e77245177e34,1、前言 学习Python二个多月啦，周末时开始兴趣学习爬虫，虽然有点概念，但是也折腾了大半天，下面就开始简要记录一下吧。 2、需要的准备 Py...
反反爬虫之js加密参数获取,https://www.jianshu.com/p/5c945834270d,反爬虫与反反爬虫从爬虫诞生开始就已经存在，反爬策略层出不穷，反反爬也都应对有招。 就我目前碰到的反爬，从简单的user-agent，ajax，封...
数据的存储（一）,https://www.jianshu.com/p/0320c087e480,概要：本节记录一下数据的存储，我们爬取的数据，我们一般会以文本的形似存储但是在工作中会要求以json，csv，的形式储存，或者储存到数据库。 1...
数据的存储（二）,https://www.jianshu.com/p/a16cf344fa7a,概要：上节简单的介绍了数据以文本或json，或以csv的形式储存这节来介绍如何存在数据库。首先，数据库分为关系型数据库和非关系型数据库，比如my...
从零开始学爬虫―urllib,https://www.jianshu.com/p/56881b5eba0b,其实学习爬虫也挺简单，主要就是三个步骤 1.抓取网页 2.分析网页 3.保存数据 抓取网页 urllib库 urllib库下主要分成四个模块 1...
python爬虫系列之数据的存储（二）：csv库的使用,https://www.jianshu.com/p/51211fcdf4b8,上一篇我们讲了怎么用 json格式保存数据，这一篇我们来看看如何用 csv模块进行数据读写。 一、csv简介 CSV (Comma Separa...
自从会了Python之后，我就没用过PS了！带你将照片变成卡通图片！,https://www.jianshu.com/p/d46b2dfba626,第1步：减少图像色彩 因为双边滤波器平滑平坦区域同时能保持边缘清晰，所以很适合于将RGB图像转换为卡通。虽然速度好像慢一些一个技巧是重复（例如，...
pyspider 实战项目之爬取去哪儿,https://www.jianshu.com/p/c70ba728cb36,阅读文本大概需要 13 分钟。 通过之前的文章介绍，你现在应该对 pyspider 有了一定的认识。如果你还不清楚的话，可以再回顾下之前的文章「...
Python:reduce函数和lambda表达式的学习,https://www.jianshu.com/p/59cab3bbd4e6,reduce函数将一个数据集合（链表，元组等）中的所有数据进行下列操作：用传给 reduce 中的函数 function（有两个参数）先对集合中...
python爬虫系列之数据的存储（一）：json库的使用,https://www.jianshu.com/p/0ba2b643c0f2,在上一篇文章里我们讲了 xpath写法的问题还以爬取我的文章信息写了示例，但是在上一篇中我们只是爬取并打印了信息，并没有对信息进行保存。 实际应...
JS动态加载以及JavaScript void(0)的爬虫解决方案,https://www.jianshu.com/p/101c409e228b,"Intro 对于使用JS动态加载, 或者将下一页地址隐藏为JavaScript void(0)的网站, 如何爬取我们要的信息呢? 本文以Chro..."
安卓手机运行python程序的软件：Termux、Pydroid3,https://www.jianshu.com/p/4deba3fad266,用电脑写了一段python程序抓取某网站的数据。网站数据每天更新，每天的数据都不一样，如果当天没有抓取保存数据，第二天就没有了昨天的数据。有时候...
安卓苹果手机APP网络数据抓取(MD版),https://www.jianshu.com/p/991217703fad,最近在准备上岸，备考中需做大量的练习，手机APP让练习无处不在，但有个缺点，就是每次只能练习10-20道题目，不能用题海战术，海量做题。能不能把...
[盘搜搜项目]网盘资源搜索开源,https://www.jianshu.com/p/eb13d508859a,盘搜搜项目是小东之前为了讲爬虫基础的一个实战完结项目，之前由于各种原因不能开源出来，现在把数据前后端全部公开出来，仅供学习参考，技术交流！ 0x...
python第二大神器requests,https://www.jianshu.com/p/8a7188ed80c3,昨天了解了urllib模块的使用，总体来看实现的方式还是很复杂的，你肯定会想，有没有简单的方法呢？答案是肯定的，下面我们来了解一下request...
爬虫之urllib库的使用,https://www.jianshu.com/p/3f39d2a0746b,昨天在了解了网页基本的请求和响应之后，今天我们来了解下python内置HTTP请求库urllib库的使用。 首先什么是库？ 简单的说就是别人写好...
初识爬虫一（请求与响应）,https://www.jianshu.com/p/8cf9e06fa671,1，首先，我们在了解爬虫之前我们要了解网页请求和响应的过程。 以百度为例： 打开Chrome浏览器，按下F12打开开发者模式换到Netword下...
Python使用itchat获取微信好友,https://www.jianshu.com/p/4ab4fe8ac4ce,最近发现了一个好玩的包itchat，通过调用微信网页版的接口实现收发消息，获取好友信息等一些功能，各位可以移步itchat项目介绍查看详细信息。...
Python爬虫之使用Fiddler+Postman+Python的requests模块爬取各国国旗,https://www.jianshu.com/p/93d63c29d559,介绍 ??本篇博客将会介绍一个Python爬虫，用来爬取各个国家的国旗，主要的目标是为了展示如何在Python的requests模块中使用POS...
python爬虫系列之 html页面解析：如何写 xpath路径,https://www.jianshu.com/p/ff37a8524e72,一、前言 上一节我们讲了怎么批量下载壁纸，虽然爬虫的代码很简单，但是却有一个很重要的问题，那就是 xpath路径应该怎么写。 这个问题往往会被我...
三大解析库的使用,https://www.jianshu.com/p/ef5fc046fcea,写在前面的话：我们前面学习了正则，但是正则是个很繁琐的东西，一旦写错，就要匹配失败，我们还要不断的调试，对于一个网页来说都是具有一定的层次性，有...
你会使用Scrapy-splash抓取js动态渲染内容吗？,https://www.jianshu.com/p/8a8d0ceed8d3,"最近想学习下scrapy-splash，之前用了seleium配合chrome总感觉有点慢，想要研究下scrapy-splash, 那知网上的内..."
Python - 爬虫简书推荐作者,https://www.jianshu.com/p/251a6fa06b8e,本人小白 - 正在学习python突然看到爬虫很有意思就过来试试看 robot协议  在每个网站的跟域名加上/robots.txt即可访问文档 ...
Python 助你填写高考志愿,https://www.jianshu.com/p/bc23df5251a7,最近一周一直在帮家里小弟看高考志愿，所以更新的没那么频繁了，请大家见谅。 在看各高校的往年分数时，忍不住手痒，想着能不能给它爬下来？哈哈，说干就...
5大Python程序员会用到的IDE和编辑器，你用过哪个？,https://www.jianshu.com/p/80c0ca2dbe1e,Python目前的优势虽然还无定论。但十年前，Perl，PHP和Ruby等脚本语言都是最热门的编程语言。然而今天，是Python的市场。在许多知...
【原创】python词云分析陈粒和赵雷,https://www.jianshu.com/p/c37eb96b4eff,未经同意禁止转载，否则通过维权骑士追究 【完整源代码请点击  此处 留言以获取，可以顺便给颗Star?】 记录一个练习小项目，训练一下pytho...
【原创免费】微信公众号文章爬取方法,https://www.jianshu.com/p/847db90386b3,总结一下自己原创的一个爬取微信公众号文章的方法。 未经同意禁止转载，否则通过维权骑士追究 【源代码请点击  此处 留言以获取】 之前在网上也搜索...
url请求下载文件的几种方法,https://www.jianshu.com/p/a865199e8839,1. 一般页面 比如 url = 'http://www.baidu.com/' 下载页面 如果是要下载图片这样的二进制，不能utf8编码，直接...
Python爬虫项目汇总,https://www.jianshu.com/p/926d8329db93,知乎文章链接： https://zhuanlan.zhihu.com/p/33245706 作者：Charles 公众号：Charles的皮卡丘...
实战一之爬取百度贴吧图片,https://www.jianshu.com/p/27c534394890,1，目标： 爬取贴吧每一贴，楼主图，并保存。 由于图片大多是楼主发的，如果全部查找会浪费很多时间。 2，分析 我选择爬取的贴吧为图吧，你们可以选...
python爬虫系列之 xpath实战：批量下载壁纸,https://www.jianshu.com/p/2d1ed59d5344,一、前言 在开始写爬虫之前，我们先了解一下爬虫 首先，我们需要知道爬虫是什么，这里直接引用百度百科的定义 网络爬虫（又被称为网页蜘蛛，网络机器人...
Python 简单关键字爬取公众号文章,https://www.jianshu.com/p/e46c5cdb1730,序 原文地址：Python 简单关键字爬取公众号文章爬取目标：微信公众号“纵梦广科”中“表白墙”（可选“吐槽墙”）的文章爬取字段：表白对象、表白...
Python学习之网络编程,https://www.jianshu.com/p/2b7f1fc59749,Python学习目录 在Mac下使用Python3 Python学习之数据类型 Python学习之函数 Python学习之高级特性 Python...
Python学习之常用模块,https://www.jianshu.com/p/75e8d3279c63,Python学习目录 在Mac下使用Python3 Python学习之数据类型 Python学习之函数 Python学习之高级特性 Python...
Python学习之正则,https://www.jianshu.com/p/07e41ed54144,Python学习目录 在Mac下使用Python3 Python学习之数据类型 Python学习之函数 Python学习之高级特性 Python...
Python学习之进程和线程,https://www.jianshu.com/p/4917e05dad63,Python学习目录 在Mac下使用Python3 Python学习之数据类型 Python学习之函数 Python学习之高级特性 Python...
Python学习之面向对象高级编程,https://www.jianshu.com/p/8be53552f413,Python学习目录 在Mac下使用Python3 Python学习之数据类型 Python学习之函数 Python学习之高级特性 Python...
Python学习之面向对象编程,https://www.jianshu.com/p/bba395b7fced,Python学习目录 在Mac下使用Python3 Python学习之数据类型 Python学习之函数 Python学习之高级特性 Python...
Python学习之高级特性,https://www.jianshu.com/p/37245bddde90,欢迎大家访问我的博客:博客地址 Python学习目录 在Mac下使用Python3 Python学习之数据类型 Python学习之函数 Pyth...
Python学习之函数式编程,https://www.jianshu.com/p/efa8925e0256,欢迎大家访问我的博客:博客地址 Python学习目录 在Mac下使用Python3 Python学习之数据类型 Python学习之函数 Pyth...
ElementTree 和 BeautifulSoup 处理XML速度比较,https://www.jianshu.com/p/3af03932ab42,文件：icd10cm_tabular_2019.xml文件大小：8.7M 测试 1 将 XML 全部加在到内存，分别使用 ElementTree...
PythonSpider---爬取淘宝店铺信息并导入excel,https://www.jianshu.com/p/17c1eaab3d9c,挺久没更新简书了，之前一直在忙机器视觉的开题报告，现在又要期末复习，射频通信，信号处理看的脑阔疼，所以决定写个简单点的爬虫，放松下，换个环境，也...
小心！我正在偷窥你的运营,https://www.jianshu.com/p/72323cb36d21,首先，问一个很简单的问题考考你――在上海，摩拜单车出行的高峰时段是什么？这个问题相对比较容易回答，根据普通人上下班的时段应该是早上七八点左右，下...
8款高可用数据分析工具选择指南――MATLAB、Excel、Python等,https://www.jianshu.com/p/55677d286903,基于不同的应用领域，在数理统计的理论基础上，各机构和公司推出了多款高可用的数据分析工具。本文从易用性、专业性以及应用场景等维度，着重介绍MATL...
python爬虫系列之 xpath：html解析神器,https://www.jianshu.com/p/091c3aa0a73b,一、前言 通过前面的文章，我们已经知道了如何获取网页和下载文件，但是前面我们获取的网页都是未经处理的，冗余的信息太多，无法进行分析和利用 这一节...
python爬虫系列之 requests实战：用 requests库下载网页和图片,https://www.jianshu.com/p/60f7b65026fe,一、requests获取网页 这个在上节我们已经讲过，并不是很难，接下来来点有意思的。 二、requests下载图片 我们可以利用响应的cont...
python爬虫系列之 requests: 让 HTTP 服务人类,https://www.jianshu.com/p/9c9de39d820c,一、安装requests库 二、简单的请求 requests支持所有的HTTP请求，以最常用的get方法为例： 比想象中要简单的多吧，只要把要访...
用图像识别做爬虫居然这么爽――上篇,https://www.jianshu.com/p/b45a39004f66,欢迎关注哈希大数据微信公众号引 言最近闲来无事为了提高自己，到查试图抓取一些企业信息，可是发现在抓取其企业列表页时，看到的企业名称和实际抓到的不...
你不应该忽略的五个机器学习项目一览,https://www.jianshu.com/p/74e63740bde1,摘要：本文介绍5个新的机器学习项目，这些项目你可能还没有听说过，但确实对项目开发有所帮助，感兴趣的读者可以动手实践一下。 随着人工智能和深度学习...
Python爬虫基础学习，从一个小案例来学习xpath匹配方法,https://www.jianshu.com/p/8479121f472f,学习目的是为了实践，而实践又可以加深我们的学习效率，今天给大家带来了lxml库的xpath匹配方法的实例！教程大家网上搜索有很多，我们只看实用功...
Python爬虫之多线程下载豆瓣Top250电影图片,https://www.jianshu.com/p/77b58c47c739,爬虫项目介绍 ??本次爬虫项目将爬取豆瓣Top250电影的图片，其网址为：https://movie.douban.com/top250， 具体...
你见过最大的Python项目是多大？十万行的你见过？还说代码量少？,https://www.jianshu.com/p/af4def3f119b,上表已经按代码行数排了序。有意思的一点是，代码规模最大的前4名中除了 CPython 之外其他三个全部是运维性质的项目，本来我猜测代码应该比较多...
Python抓取电影天堂，零基础都可以学？源码&amp;视频，大赞！,https://www.jianshu.com/p/7cc4aef9f673,我知道，大家肯定是看到Python源码&视频教程才进来的。小编说到做到，此次利用Python爬取电影天堂包含视频教程、以及源码。所以说零基础的P...
Python爬虫原理,https://www.jianshu.com/p/831598743fa1,本篇是在学习Python基础知识之后的一次小小尝试，这次将会爬取熊猫TV网页上的王者荣耀主播排名，在不借助第三方框架的前提下演示一个爬虫的原理。...
在Scrapy中运用Selenium和Chrome,https://www.jianshu.com/p/b35ebb1c1b0e,本篇结合Scrapy、Selenium与Headless Chrome来爬取需要js渲染的页面，本节以爬取京东搜索手机的页面为例。 页面分析 可...
Python协程可是神器！不知道哪些人居然说是鸡肋！最全教程合集！,https://www.jianshu.com/p/02ff791dff72,了解协程的过程 先通过一个简单的协程的例子理解： 对上述例子的分析： yield 的右边没有表达式，所以这里默认产出的值是None 协程在运行过...
Python 爬虫之 Beautiful Soup 模块使用指南,https://www.jianshu.com/p/1a2c4fefbea2,爬取网页的流程一般如下： 选着要爬的网址（url） 使用 python 登录上这个网址（urlopen、requests 等） 读取网页信息（r...
爬虫总结 | 爬虫的那点事第一篇,https://www.jianshu.com/p/38312d36255f,现在慢慢开始对爬虫的一些工作做一个总结，这是第一篇文章，整理聊下做一个爬虫系统时的一些感悟。 一、在（反）爬虫路上的心得和解决方案 在讲反爬之前...
谁说Python不能爬取APP上面的数据？看我把快手视频弄到手！,https://www.jianshu.com/p/127dc7f956ab,设置代理，重启，下一步，查看本机ip 手机打开网络设置 通过代理服务器； 设置好，刷新快手app 看到请求，去找自己要用的， 非了九牛二虎之力找...
Beautiful Soup 爬虫实战,https://www.jianshu.com/p/6fb78b71cba6,上回我们讲解了 Beautiful Soup 的基本使用方法，这次就带大家使用 Beautiful Soup 进行实战。这次要抓取的目标是豆瓣电...
Python开发简单爬虫--学习笔记,https://www.jianshu.com/p/8584448d54a3,一、概述 目标掌握开发轻量级爬虫内容 爬虫简介 简单爬虫架构URL管理器网页下载器(urllib2)网页解析器(BeautifulSoup) 完...
基于Tornado和Scrapy的开源高性能代理池,https://www.jianshu.com/p/ba267f3ecf81,图片瞎放一个先（doge 前段时间在写爬虫，研究了一下Github排名靠前的免费代理池，都不太喜欢，就自己写了一个，结合了异步框架Tornado...
乱炖“简书交友”数据之代码（1）,https://www.jianshu.com/p/fd35ff172ea7,上一篇文章乱炖数据之2700余篇“简书交友”专题文章数据的花式玩法发布后，不少人想学习下代码，由于此前不曾在GitHub上开源过，流程还不熟悉，...
用Python Shell设置或获取环境变量的方法：os.environ and os.putenv in Python,https://www.jianshu.com/p/d92621dc59ff,背景 简单来说是整个工程有一个启动文件，需要用一个const.py文件中的参数来控制运行环境，这在Pycharm这些IDE里面运行当然没问题，因...
12道必会的Python面试题，附详细讲解,https://www.jianshu.com/p/cf7100b06b37,无论是应聘Python方向的web开发，还是爬虫工程师，或是数据分析，还是自动化运维，都涉及到一些基础的知识！小编挑了一些Python的基础面试...
用Python给一个图片加一个抖音效果，晃眼睛,https://www.jianshu.com/p/bcc49e2b7b45,先上个效果图： 需要安装的库 基本原理 先看一下抖音的logo 在这里还是要推荐下我自己建的Python开发学习群:304050799，群里都是...
Beautiful Soup 采坑之旅,https://www.jianshu.com/p/f4021867e3e3,Beautiful Soup入门 Beautiful Soup是一个Python库，用来解析html和xml结构的文档。具体关于Beautifu...
从网易云音乐缓存文件得到 MP3,https://www.jianshu.com/p/5fb2bcaa79f8,最近想获取几首好听的网易云音乐文件，但是不是会员，只有缓存文件，而且经过加工了的。以前获取过某k歌的缓存文件，直接修改后缀名就行了，但是网易云音...
听说你想爬女神？会Scrapy之后，基本全网的女神你都能弄到手！,https://www.jianshu.com/p/be52aad923f7,"Scrapy主要包括了以下组件： 引擎(Scrapy) 用来处理整个系统的数据流处理, 触发事务(框架核心) 调度器(Scheduler) 用来..."
Python爬虫杂记-操控鼠标,https://www.jianshu.com/p/c0dabba2af81,头一段时间做了某网站的滑动验证码， 用的是阿里的滑动验证码。用自动化模拟滑块的拖动， 然而尝试了多种方法， 仍没能成功。最终得出结论，阿里的反爬...
Python有多叼？随便就能爆破一个会员网站！请勿用于非法用途！,https://www.jianshu.com/p/2277a5339109,暑假在家上网，qq群里一位好友给我说他想要某个网站的会员，ps（是个小网站），本着助人为乐的精神我去踩了点。。。 只要用户名和密码不同，其他的不...
Python爬虫初接触，学会爬虫不抓美女图片干啥！,https://www.jianshu.com/p/378fe38deb47,学习编程语言是很枯燥的，尤其是对一个编程零基础的人来说，更为枯燥！所以我们要从枯燥的学习中找点乐趣和动力！比如，抓点小姐姐的图片 我们的目标选择...
今天你教高考生一个装逼神技！利用Python爬取历年高考成绩！,https://www.jianshu.com/p/83895394e1fe,2.爬取数据 1.获取各省的分数线信息 获取各省份的链接： # 获取分数线 defget_score(url): web_data= reque...
【Py大法系列--04】几十行代码让你知道朋友圈都是什么样的朋友,https://www.jianshu.com/p/35d9673e24a7,引言 在第一篇文章中【Py大法系列--01】20多行代码生成你的微信聊天机器人中，我们通过Python第三方库itchat实现了一个自动聊天的机...
Python Re注意问题(持续更新),https://www.jianshu.com/p/c0dea8cd92a0,"PS本文不是讲解基础的 1.比较match和search的区别 match（）在字符串的的开始位置匹配， search会扫描整个字符串查找匹配,..."
扣丁学堂Python基础教程之操作MySQL的五种方式,https://www.jianshu.com/p/75b3648bf7dd,不管你是做数据分析，还是网络爬虫，Web开发、亦或是机器学习，你都离不开要和数据库打交道，而MySQL又是最流行的一种数据库，这篇文章介绍Pyt...
这是我见过最全面的Python语法合集！你见过比这还全的？我吃了！,https://www.jianshu.com/p/a83b687cb342,控制台交互 可以根据 __name__ 关键字来判断是否是直接使用 python 命令执行某个脚本，还是外部引用；Google 开源的 fire...
机房的红蜘蛛？老师监控很烦！看我用Python如何暴力破解它！,https://www.jianshu.com/p/02109201f401,由于信息框弹出来的时候也会显示 root ( Tk() ) 的主窗口。 三、隐藏主窗口： 进群：125240963  即可获取源码！
Python操作Mysql数据库（持续更新）,https://www.jianshu.com/p/3f52a54d4fa8,入门篇首先安装 pymsql然后 pip install pymsql 初次使用的时候 插入数据 查询数据 接下来封装一个查询类 并逐步完善 先...
你所不知道的Python | 字符串格式化的演进之路,https://www.jianshu.com/p/9effbc080299,字符串格式化对于每个语言来说都是一个非常基础和常用的功能，学习Python的同学大概都知道可以用%语法来格式化字符串。然而为了让我们更方便的使用...
盘点Python培训之新功能或将允许安全工具查看运行时操作,https://www.jianshu.com/p/b51d84789b92,针对Python编程语言的新功能提议之一是希望为运行时添加“透明度”，并让安全和审计工具查看Python何时可能运行潜在危险的操作。 在当前的形...
三招提升数据不平衡模型的性能（附python代码）,https://www.jianshu.com/p/e94866f75cbd,对于深度学习而言，数据集非常重要，但在实际项目中，或多或少会碰见数据不平衡问题。什么是数据不平衡呢？举例来说，现在有一个任务是判断西瓜是否成熟，...
高考结束了，教你用Python来伪造900万条成绩数据！,https://www.jianshu.com/p/4139472f2fbf,生成文件内容部分截图： 测试数据生成代码： 好了，本次实验目的主要是学习使用Python文件读写和掌握Python字符处理。 See U nex...
python爬虫常见反爬措施,https://www.jianshu.com/p/993e344e7242,1.IP封锁 常见网站反爬虫首先考虑到会不会对用户产生误伤，举个例子，在校园网内，有台机器对网站持续高频繁产生请求，校园网涉及用户过多，但是如果...
Mysql + Grafana 监控爬虫程序,https://www.jianshu.com/p/d547372bb89e,在使用爬虫爬取大量数据的时候，一般我们都会把程序挂在服务器上运行，然后就可以去干别的事情了。但是，我们还是有必要定时看一下程序运行情况的。虽然我...
初学者必备 | Python Cheat Sheet 中文版,https://www.jianshu.com/p/fbfbcc11a08d,笔者整理了Python3中内置方法的速查表，包含： 内置方法 列表处理方法 字典处理方法 元组处理方法 集合处理方法 序列类型的切片方法 共计1...
【注意】妹子图python爬虫,https://www.jianshu.com/p/7f90d10c8d2b,下方有太过...不含蓄的画面 快闪开 同时 本人刚简书刚开通两天，来的大哥大姐们（小姐姐诶）觉得不错~可以点个关注后面的内容敬请期待 成果图 [...
曲师大抢课tool（python版）,https://www.jianshu.com/p/525661cb5933,相信大家已经被教务系统折腾的无可奈何..于是他应（jian)运(qing)而(fu)出(dan) 实现了对教务系统的模拟登录，使用过程：在选课期...
2. Python3源码―浮点对象,https://www.jianshu.com/p/85511b6caace,2.1. 浮点对象 浮点对象是“定长对象”。 2.1.1. Python中的创建 Python中浮点对象创建最重要的方法为PyFloat_Fro...
Python爬虫之多线程下载程序类电子书,https://www.jianshu.com/p/ec1472770bae,近段时间，笔者发现一个神奇的网站：http://www.allitebooks.com/ ，该网站提供了大量免费的编程方面的电子书，是技术爱...
使用Django开发一个完整的博客项目,https://www.jianshu.com/p/e1b50d3067a3,一、项目概述 项目运行环境 Python3.6+ Django 1.11 MySQL 5.7 其他插件(图片处理、分页、验证码....) 项目详...
3. Python3源码―整数对象,https://www.jianshu.com/p/0078314ebd50,3.1. 整数对象 整数对象是“变长对象”。 3.1.1. Python中的创建 Python中整数对象最重要的创建方法为PyLong_From...
爬虫获取 js 动态数据 （漫画图片下载）,https://www.jianshu.com/p/80bee6cf67d1,爬虫遇到 js 动态数据时，主要解决方法有两种： 使用一些库，例如 Selenium，来模拟浏览器环境抓取数据。但这样做对内存和 CPU 的消耗...
爬虫获取 js 动态数据 （万方数据库文献下载）,https://www.jianshu.com/p/45e912f2c51d,今天讲讲用爬虫下载万方数据库文献。 这是我们要爬取的文献链接:http://www.wanfangdata.com.cn/details/det...
Python电子书找不到下载的地方和什么书籍适合你？,https://www.jianshu.com/p/ba129f2ba7a7,Python学习小白必备书籍以及源码下载、代码求助三大网站 Python小白开发入门必备的3本书籍，除了书籍小U还整理了5个程序员们常用的资源网...
Python包管理工具pip的安装和使用,https://www.jianshu.com/p/c5d8802259ac,Python有两个著名的包管理工具easy_install.py和pip。在Python2.7的安装包中，easy_install.py是默认安...
小试牛刀--Python爬虫BeautifulSoup使用,https://www.jianshu.com/p/ae5f2d630559,python爬数据小试牛刀--beautifulSoup使用 1.环境配置 编译环境：python 2.7 编译器：pycharm HTML或X...
扣丁学堂浅谈Python语言在人工智能中的功能及优势,https://www.jianshu.com/p/394baad3269d,Python语言是一种面向对象、直译式计算机程序设计语言，Python语法简捷、清晰和易读。Python是开源的语言，具有丰富和强大的类库，同时...
Python爬取京东Iphone X用户评论并绘制词云,https://www.jianshu.com/p/9378d550e3cb,目标 爬取京东商城上iPhone X用户评论数据； 使用jieba对评论数据进行分词处理； 使用wordcloud绘制词云图。 目前京东商城只会...
Scrapy实战：抓取本地论坛招聘内容 (二),https://www.jianshu.com/p/49fd2a38dbdb,写的内容越来越多，因此做成一个系列，谢谢大家。我将定期更新相关内容：Scrapy实战：抓取本地论坛招聘内容 (一)Scrapy实战：抓取本地论坛...
Python程序设计思维练习---股票数据定向爬虫,https://www.jianshu.com/p/23e8a1a4754d,"本次练习是一个定向爬虫，爬取股票的相关数据，用到beautifulsoup,re,requests等库。爬前分析：先分析比较不同网站提供的股票数..."
BeautifulSoup库用法总结,https://www.jianshu.com/p/8bb16b577a9f,0.写在前面 在python的爬虫中，经常需要用到强大的beautifulsoup库，如之前写的股票数据的爬取中就用到了它。在这里，将详细总结b...
利用搜狗微信入口制作一个微信文章爬虫api,https://www.jianshu.com/p/c9060178538b,微信公众号现已成为主流的一对多媒体行为活动，也是现在互联网内容生产不可忽视的一股力量。 在此基础上，微信公众号爬虫变得很有价值，对内容生产型公众...
配置文件类比,https://www.jianshu.com/p/fb25bc7f1bab,为什么要用配置文件 如果代码中没有任何的配置文件，而程序内部本身就是黑盒，内部细节无法探知。 一旦遇到需要修改某些参数，不仅耗费精力，而且还需要...
Scrapy之表单提交,https://www.jianshu.com/p/e29ab5b868fb,有时候，我们需要登录网站才能获取到特定的信息。我们以登录github login为例，下面是github登录的部分   html代码。 的act...
Python基础之格式化输出函数format()详解,https://www.jianshu.com/p/d37f90cbc20a,"之前发过一篇文章:Python基础之常用格式化输出字符详解,但是呢，有时候我们需要用到多个%的时候，用这个就很不方便了，比如数错%数量或者一 一..."
python itchat 爬取微信好友信息,https://www.jianshu.com/p/6716167a6d16,原文链接：https://mp.weixin.qq.com/s/4EXgR4GkriTnAzVxluJxmg 「itchat」一个开源的微信个人...
8个最高效的Python爬虫框架，你用过几个？,https://www.jianshu.com/p/7180086cd8ab,小编收集了一些较为高效的Python爬虫框架。分享给大家。 1.Scrapy Scrapy是一个为了爬取网站数据，提取结构性数据而编写的应用框架...
Python网络爬虫4 - scrapy入门,https://www.jianshu.com/p/9306d8dd8da6,该博客首发于www.litreily.top scrapy作为一款强大的爬虫框架，当然要好好学习一番，本文便是本人学习和使用scrapy过后的一...
python-MySQLdb的二三事,https://www.jianshu.com/p/94f79e5c29c4,介绍 mysqldb是python操作mysql数据库的一个库．mysql的几乎所有的操作都可以实现，另外，mysqldb的一些比较的optio...
Python爬取QQ空间留言板,https://www.jianshu.com/p/9f3987aed7ba,参考代码地址 大致流程 使用selenium登录QQ空间 获取登录后的token 获取登录后的cookies并通过cookies和空间加密算法得...
【小白学爬虫连载（2）】--Requests库介绍,https://www.jianshu.com/p/01e914ea617f,欢迎大家关注公众号【哈希大数据】前言首先简单介绍Python网络爬虫用到哪些软件以及其如何配置如果只做爬虫采用如下方式就OK啦：1.建议大家使用...
【小白学爬虫连载（3）】--正则表达式详细介绍,https://www.jianshu.com/p/dc67cd9753c5,欢迎大家关注公众号【哈希大数据】小白学爬虫系列（2）中介绍了如何用Requests获取网页内容，可是HTML文档中的内容比较繁杂，如何提取出我们...
【小白学爬虫连载（5）】--Beautiful Soup库详解,https://www.jianshu.com/p/80aa043121e8,欢迎大家关注公众号【哈希大数据】Beautiful Soup是解析、遍历、维护HTML或XML文件的Python功能库，它能帮助我们快速获取到文...
【小白学爬虫连载（4）】-如何使用chrome分析目标网站,https://www.jianshu.com/p/e485c95fc629,欢迎大家关注公众号【哈希大数据】引言日常我们在浏览器中看到的网页都是很漂亮很规整的如图1，但我们爬取到的网页源代码却是一个很繁杂的文件如图2，想...
【小白学爬虫连载（6）】--Selenium库详解,https://www.jianshu.com/p/472929e04d66,欢迎大家关注公众号【哈希大数据】Selenium库是Python的自动化测试工具，它支持多种浏览器包括Chrome、Mozilla Firefo...
【小白学爬虫连载（7）】--scrapy框架的安装,https://www.jianshu.com/p/d878f19c552d,欢迎大家关注公众号【哈希大数据】前面已经分享过用Requests库、Selenium库结合正则表达式、BeautifulSoup库爬取一些租房信...
【小白学爬虫连载（8）】--scrapy框架入门教程,https://www.jianshu.com/p/d500ecaf7994,欢迎大家关注公众号【哈希大数据】 在本篇分享中，假定您已经安装好Scrapy。 如若不然，请参考Scrapy安装。接下来将通过爬取scrapy官...
【小白学爬虫连载（9）】--scrapy构架设计分析,https://www.jianshu.com/p/a907907ea7f2,欢迎大家关注公众号【哈希大数据】前面已经分享了利用scrapy框架抓取百度新闻数据。不过相信大家应该还不清楚scrapy究竟是如何运行的，它是如...
【小白学爬虫连载（10）】--如何用Python实现模拟登陆网站,https://www.jianshu.com/p/8a7c822e3d2d,欢迎关注【哈希大数据】获取详细信息!!! Python如何实现模拟登陆爬取 Python实现模拟登陆的方式简单来说有三种：一、采用post请求提...
【小白学爬虫连载（11）】--pyquery库详解,https://www.jianshu.com/p/f485803ae6a8,欢迎关注哈希大数据公众号【哈希大数据】 前面的分享如何获取免费高匿代理IP代码中我们用到了pyquery这个解析库，这个库在之前的分享中还不曾讲...
【小白学爬虫连载（12）】--获取免费高匿代理IP,https://www.jianshu.com/p/57495aca9071,欢迎关注【哈希大数据】 如何获取免费高匿代理IP 前言 我们采集信息时采集速度太大，请求速度过高，占用了大量对方服务器的资源，所以很多网站会采取...
【小白学爬虫连载（13）】--Scrapy如何突破反爬虫,https://www.jianshu.com/p/f69b089f3b4c,欢迎大家关注公众号【哈希大数据】之前我们分享了如何用Python实现模拟登陆网站、如何获取免费高匿代理IP，模拟登陆网站和利用大量代理IP爬取网...
Python---qq群聊天记录词云分析,https://www.jianshu.com/p/6cd28d18bacf,"python拥有近13w个第三方库，其中有很多优秀的库，比如wordcloud,scipy,jieba等库，能快速实现很多功能，比如制作一个QQ..."
Python库大全（涵盖了Python应用的方方面面），建议收藏留用！,https://www.jianshu.com/p/39eceaa7204d,学Python，想必大家都是从爬虫开始的吧。毕竟网上类似的资源很丰富，开源项目也非常多。 Python学习网络爬虫主要分3个大的版块：抓取，分析...
Python3 PySpider 执行 pyspider all 遇到的问题,https://www.jianshu.com/p/9f2fb414f783,Could not create web server listening on port 25555 pycurl: libcurl link...
scrapy下载中间件,https://www.jianshu.com/p/f520ba05d2dc,scrapy提供了两种中间件，下载中间件（Downloader Middleware）和Spider中间件（Spider Middleware）...
Spider中间件,https://www.jianshu.com/p/936c1dd2f380,scrapy提供了两种中间件，下载中间件（Downloader Middleware）和Spider中间件（Spider Middleware）...
Mac和Ubuntu18.04下MongoDB的安装,https://www.jianshu.com/p/ae77f6473250,Mac安装mongodb 使用home-brew安装 从默认的配置文件启动mongodb 安装完成后，MongoDB服务启动、停止、重启命令如下...
Ubuntu18.04下的Redis常用操作,https://www.jianshu.com/p/0ae66fc9da56,Ubuntu18.04中安装Redis 准备工作 先对系统的依赖环境进行更新$ sudo apt-get update$ sudo apt-ge...
Python Selenium爬取百度百科旅游景点的消息盒,https://www.jianshu.com/p/5b08478ab336,一、编程环境 操作系统：Win 10编程语言：Python 3.6 二、什么是消息盒 Infobox（消息盒）是一种模板，包含了一系列的信息框，...
Python装饰器的前世今生,https://www.jianshu.com/p/8a23534fa504,一、史前故事 先看一个简单例子，实际可能会复杂很多： 现在有一个新的需求，希望可以记录下函数的执行日志，于是在代码中添加日志代码： 如果函数 y...
链接提取LinkExtractor与全站爬取利器CrawlSpider,https://www.jianshu.com/p/0775a4df1fe4,LinkExtractor 对于提取链接，之前提到过可以通过Selector来提取，但Selector比较适合于爬去的连接比较简单其模式比较固定...
Python---20行代码爬取斗鱼平台房间数据（下）,https://www.jianshu.com/p/0498fd9713a3,在上一篇中，已经详细的讲解了如何获取数据，接下来是深度处理数据，这里调用xlsxwriter库来制作Excel表格。工具：Python3.6.5...
Python爬虫之自制英汉字典,https://www.jianshu.com/p/6e893b19b704,最近在微信公众号中看到有人用Python做了一个爬虫，可以将输入的英语单词翻译成中文，或者把中文词语翻译成英语单词。笔者看到了，觉得还蛮有意...
Python 数学建模极简入门（一）,https://www.jianshu.com/p/23439308cf59,我们选择的入门书籍是叶其孝和姜启源翻译的《数学建模》，原著是Frank R. Giordano和William P. Fox编著的《A Firs...
新版知乎登录之post请求,https://www.jianshu.com/p/4694c91d752b,前言 在上一篇文章中给大家讲解了requests发送post请求的几种方式，并分析了一些使用陷阱。 疑惑 在文章发表之后，有朋友给我留言说，知乎...
Tensorflow快餐教程(11) - 不懂机器学习就只调API行不行？,https://www.jianshu.com/p/13978ee135ca,摘要： Tensorflow高层API 高层封装API 有同学问，我们学习Tensorflow就是想学习一套可以用的套，像编程一样调用就行了，不...
使用FilesPipeline和ImagesPipeline,https://www.jianshu.com/p/a412c0277f8a,除了爬取文本，我们可能还需要下载文件、视频、图片、压缩包等，这也是一些常见的需求。scrapy提供了FilesPipeline和ImagesPi...
利用python调用谷歌翻译API,https://www.jianshu.com/p/95cf6e73d6ee,废话少说 从速卖通抓取了一些评论想进行一些简单的文本分析，但是因为速卖通是一个跨境电商平台，上边的评论基本都是小语种，对，小语种，俄语，法语.....
python使用代理+多线程爬取速卖通评论（一）,https://www.jianshu.com/p/929550ffa618,废话少说 很庆幸暑假入了python的坑，也很庆幸选择学习爬虫，因为用python真的可以用很少的代码完成很多有趣的事情，爬虫便是其中之一。断断...
消息队列RabbitMQ,https://www.jianshu.com/p/e9c9e17f4a33,前言 用多台机器爬取数据时，用消息队列的方式同步和更新任务不管是可维护性还是扩展性都是相对较为合适的方案，RabbitMQ就是一个比较合适消息队...
github - Python人工智能与机器学习开源项目前20,https://www.jianshu.com/p/51779959fe40,AI 前线导读： ”我们更新了 Python 下的各大顶级人工智能与机器学习项目。TensorFlow 凭借着三位数的贡献者增长量成为新的冠军，...
爬虫技术详解（一）- XPath,https://www.jianshu.com/p/4e61c64108a4,XPath简介 以下摘自维基百科 XPath (XML Path Language) is a query language for selec...
BeautifulSoup 爬取网络数据（1）,https://www.jianshu.com/p/ac203fd754ea,0. 前言 在介绍BeautifulSoup模块前， 我们先分析一下我们要爬取的网页结构是什么样的。通常网页都包含层叠样式表(英文全称：Casc...
BeautifulSoup 爬取网络数据(3)-处理子节点(children)和其他子孙节点(descendants),https://www.jianshu.com/p/48d6aae7dc8e,3. 1子节点和子孙节点 同理，soup.div.find_all('img')会找到所有div里面的img标签。.children 和.des...
原来微信《跳一跳》也可以用Python玩~,https://www.jianshu.com/p/02b5bf556c7c,微信更新的 6.6.1 版本突然也开放了小游戏，微信启动页面还重点推荐了小游戏「跳一跳」。 跳一跳 玩家需要「按住」屏幕选定跳跃力度，按住时间越...
爬取微信公众号历史记录,https://www.jianshu.com/p/043677804f93,微信公众平台并没有对外提供 Web 端入口，只能通过手机客户端接收、查看公众号文章，Mac电脑通过Charles可以抓取手机端Https请求，具...
Python爬虫基础之urllib与requests,https://www.jianshu.com/p/1efa672156d3,Python爬虫-Urllib方式 - 前言 此次我将讲述Python爬虫urllib与requests访问方式的一些基础的操作和遇到的一些坑，...
Python――爬虫入门 Urllib库的使用,https://www.jianshu.com/p/0d592b832058,最近在系统的学习Python爬虫，觉得还是比较有意思的，能够干很多的事情，所以也写点文章记录一下学习过程，帮助日后回顾。 网上关于Python的...
Python――爬虫入门 Urllib库的进阶,https://www.jianshu.com/p/6add9e22f41a,上一篇文章我们简单讲解了Urllib库的基础用法，包括如何获取请求之后的页面响应，如何使用POST请求上传数据，今天我们就来讲讲Urllib库的...
Centos7 Python3下安装scrapy（正确安装姿势）,https://www.jianshu.com/p/aca9967a7136,苦逼的前夜 昨晚很辛苦，搞到晚上快两点，最后还是没有把python3下的scrapy框架安装起来，后面还把yum这玩意给弄坏了，一直找不到命令。...
Python爬虫杂记 - Xpath高级用法,https://www.jianshu.com/p/4fef4142b33f,xpath 高级用法 1. 匹配当前节点下的所有： .// 2. 匹配某标签的属性值： /@属性名称 3. 匹配多个路径：| 4.按属性匹配：@...
Python 爬虫杂记 - Chrome Headless,https://www.jianshu.com/p/779b8b23e08f,Chrome Headless使用 Chrome的安装与配置不在此赘述， 不过需要注意的是： 版本号与驱动的映射关系！ 版本号与驱动的映射关系！...
Python用lxml库解析html并将爬取的数据存储到MySQL数据库,https://www.jianshu.com/p/d23f8af274e9,总的： 1.from lxml import etree 2.对html文本使用 etree.HTML(html)解析，得到Element对象 ...
爬虫架构|Celery+RabbitMQ快速入门（三）,https://www.jianshu.com/p/c94772c3c6cf,在之前两章节中，简单介绍了Celery+RabbitMQ，以及它们之间的协作过程（见文章爬虫架构|Celery+RabbitMQ快速入门（一）和...
Python爬虫杂记 - python运行js,https://www.jianshu.com/p/e01a3d504700,execjs 使用 1. 安装 2. 简单使用 需要注意的是： 个别的JS语句， 用execjs返回的结果跟浏览器环境返回的结果是有区别的， 以...
爬虫架构|Celery+RabbitMQ快速入门（四）整合版本,https://www.jianshu.com/p/e526b6742384,前面用三篇文章断断续续写了Celery+RabbitMQ相关的文章。爬虫架构|Celery+RabbitMQ快速入门（一）用工作任务分配的案例介...
爬虫课堂（二十五）|使用CrawlSpider、LinkExtractors、Rule进行全站爬取,https://www.jianshu.com/p/32aa01074268,在爬虫课堂（二十二）|使用LinkExtractor提取链接中讲解了LinkExtractor的使用，本章节来讲解使用CrawlSpider+L...
爬虫课堂（二十七）|使用scrapy-redis框架实现分布式爬虫（2）源码分析,https://www.jianshu.com/p/e21105dc4936,我们在说Scrapy之所以不支持分布式，主要是因为有三大问题没有解决： requests队列不能集中管理。 去重逻辑不能集中管理。 保持数据逻辑...
Python――socket和socketserver,https://www.jianshu.com/p/f1ca9406fd96,转发自python基础之socket与socketserver 引入 Socket的英文原义是“孔”或“插座”，在Unix的进程通信机制中又称为...
Item以及Itempipeline的使用,https://www.jianshu.com/p/256bc96c9b6d,在上一篇博客中，最后的结果是通过yield一个dict，但dict缺少数据结构，没法保证每一处返回都能返回相同的字段。因此scrapy提供了It...
新手向爬虫（三）别人的爬虫在干啥,https://www.jianshu.com/p/dcd6438ce4c7,爬虫文章 in 简书程序员专题： like:128 - Python 爬取落网音乐 like:127 - 【图文详解】python爬虫实战――5...
Python 爬虫找到数据了 re & XPath & requests & Pool,https://www.jianshu.com/p/3b5380c2aae8,是的，爬虫就是为了获取数据。在获取的数据中，会有很多的冗余信息，需要在获取的数据中提取所需要的有用信息。进而联想到数据的匹配：正则表达式。接下来...
如何编写一个Spider,https://www.jianshu.com/p/af66d7d2e447,本章以抓取 http://quotes.toscrape.com/ 为例，讲一下如何编写一个简单的spider 首先，我们要在项目目录下用命令创...
手把手教你监督学习（附python实战代码）,https://www.jianshu.com/p/41afb5f1aba3,摘要： 想学监督学习？底子一定要打好！ 为什么选择人工智能和机器学习？ 人类的未来是人工智能/机器学习。任何不了解的它们的人很快就会发现自己已经...
Scrapy入门,https://www.jianshu.com/p/33f531cef8c0,最近稍微学习了下爬虫框架，以前都是裸写Requests和Beautifulsoup来从网页中获取我想要的数据，为了后面高效的爬虫，觉得还是应该认...
PySpider踩坑记,https://www.jianshu.com/p/5957ee924196,PySpider 没有用过框架写爬虫，有人推荐了pyspider，我也没有和别的框架比对，就直接上手先用了。 使用感受 框架的封装性带来的优缺点...
爬虫第一弹之情人节前夕,https://www.jianshu.com/p/1bf2df029c50,最近学了点python，想写个爬虫玩玩，刚好遇到情人节 时间：2018.5.19地点：208教室工具：Chrome、阿里云服务器 先来列举下要爬...
requests发送post请求的一些疑点,https://www.jianshu.com/p/b300b62efcbe,前言 在Python爬虫中，使用requests发送请求，访问指定网站，是常见的做法。一般是发送GET请求或者POST请求，对于GET请求没有什...
python PIL 图像处理,https://www.jianshu.com/p/e8d058767dfa,"Image读出来的是PIL的类型，而skimage.io读出来的数据是numpy格式的 输出可以看出Img读图片的大小是图片的(width, h..."
小猪的Python学习之旅 ――  20.抓取Gank.io所有数据存储到MySQL中,https://www.jianshu.com/p/9e05d65bcbd4,一句话概括本文： 内容较多，建议先mark后看，讲解了一波MySQL安装，基本操作，语法速成，DataGrip使用，链接远程数据库问题，爬取Ga...
Python异步模块asyncio/aiohttp（链家爬虫实例）,https://www.jianshu.com/p/5f41d9fb6b12,一、写在开头 虽然用scrapy框架来爬信息已经够快了，再用aiohttp来爬链家有点重复造轮子的嫌疑，但还是有助于我对异步编程的理解。以下内容...
PythonStudyNotes---正则表达式,https://www.jianshu.com/p/e23529bced18,正则表达式：一种用来匹配字符串的工具，根据不同类型的字符串，有不同的描述性语言来定义。 以下是部分描述性语言对应的匹配类型： 精确匹配：\w：匹...
Python+Selenium实现web自动化测试,https://www.jianshu.com/p/620741fe86b8,1、Selenium简介 Selenium 是一个用于Web应用程序测试的工具。Selenium测试直接运行在浏览器中，就像真正的用户在操作一样...
爬取东方财富网数据的网页分析,https://www.jianshu.com/p/be7a0ec3da66,自学Python已有3个月之多，浏览无数大神的佳作，收获颇丰。当初自学python就是为了学习爬虫，爬取网站上好看妹子的图片……[流口水][流口...
User-agent大全,https://www.jianshu.com/p/2d25572a0886,PC端：
CentOS 7.4 安装python3及虚拟环境,https://www.jianshu.com/p/64bc6de5bfb3,由于写了个爬虫脚本，需要放到服务器中运行。之前一直在Ubuntu系统中安装多Python环境，而CentOS系统的安装步骤略微有些出入，故详细记...
计算两个字符串相(或句子)似度的方法,https://www.jianshu.com/p/f8ad3a2640e6,主要方法有：编辑距离、余弦相似度、模糊相似度百分比 1 编辑距离 编辑距离（Levenshtein距离）详解（附python实现） 使用Pyth...
爬虫入门教程⑧― BeautifulSoup解析豆瓣即将上映的电影信息,https://www.jianshu.com/p/c64fe2a20bc9,"Beautiful Soup 是一个可以从HTML或XML文件中提取数据的Python库.它能够通过你喜欢的转换器实现惯用的文档导航,查找,修改..."
AI设计师“鹿班”核心技术公开：如何1秒设计8000张海报？,https://www.jianshu.com/p/4386a5e4d042,本文介绍了视觉生成的现状，智能设计的框架和流程、应用案例及未来前景。通过本文的学习，可以对鹿班这个产品，以及视觉生成相关技术有基础性的认识、了解...
python爬取QQ空间说说并生成词云,https://www.jianshu.com/p/f7a776d8f722,原理是利用python来模拟登陆QQ空间，对一个QQ的空间说说内容进行爬取，把爬取的内容保存在txt文件中，然后根据txt文件生成词云。 以下是...
从GitHub中整理出来的15个最受欢迎的Python开源框架，你喜欢哪个,https://www.jianshu.com/p/4648ecc4adcf,从GitHub中整理出的15个最受欢迎的Python开源框架。这些框架包括事件I/O，OLAP，Web开发，高性能网络通信，测试，爬虫等。 Dj...
Python 工具――Anaconda+Pycharm 的安装过程,https://www.jianshu.com/p/f26a6f5e0e29,适用对象：编程完全小白，准备安装 Python 进行学习 本文特点： 十分具体详细，细致到了每一步安装过程的截图，看了此篇，你完全不用看其他教程...
使用Anaconda实现Python2和Python3共存及相互转换,https://www.jianshu.com/p/fe327b72fa31,前言 初学Python时，总是被python的两个不太兼容的版本搞得头昏脑胀。按目前的发展趋势，python未来的主流版为python3。但是我...
python3 scrapy_redis 分布式爬取房天下存mongodb,https://www.jianshu.com/p/ba67094d2813,（一）scrapy_redis 简单介绍 scrapy_redis基于scrapy框架的基础上集成了redis，通过了redis实现了去重，多台...
实战 | 用aiohttp和uvloop实现一个高性能爬虫,https://www.jianshu.com/p/8f65e50f39b4,asyncio于Python3.4引入标准库，增加了对异步I/O的支持，asyncio基于事件循环，可以轻松实现异步I/O操作。接下来，我们用基...
基于Scrapy分布式爬虫的开发与设计,https://www.jianshu.com/p/441d969a3684,这个项目也是初窥python爬虫的一个项目，也是我的毕业设计，当时选题的时候，发现大多数人选择的都是网站类，实在是普通不过了，都是一些简单的增删...
一个简单、易用的Python命令行(terminal)进度条库,https://www.jianshu.com/p/41435ff72719,eprogress 是一个简单、易用的基于Python3的命令行(terminal)进度条库，可以自由选择使用单行显示、多行显示进度条或转圈加载...
爬虫入门教程②― 必备知识基础(一)反爬虫简介,https://www.jianshu.com/p/c1b3ccc8987c,上一节已经介绍过了一些爬虫的基本概念：爬虫知识入门「零」― 爬虫简介，这一节将会开始技术方面的介绍 这一节我们需要明确的是爬虫的一些目标。 爬虫...
爬虫入门实践-车模图片下载,https://www.jianshu.com/p/915eee3261c6,爱美之心人皆有之，去下载美女图片吧。百度随便搜索一下：美女图，找到mm131.com网站。以“性感车模”为例（http://www.mm131....
50 行 Python 代码，带你追到最心爱的人,https://www.jianshu.com/p/25db275b24b2,程序员世纪难题 人们一提到程序员第一反应就是：我知道！他们工资很高啊！但大部分都是单身狗，不懂得幽默风趣，只是每天穿格子 polo 衫的宅男一个...
python爬虫-爬取笔趣阁小说,https://www.jianshu.com/p/9bca173984a7,1.环境 python3.6python官网: www.python.org需要用到的库： re、time、random、requestsreq...
Scrapy实战：抓取本地论坛招聘内容 (一),https://www.jianshu.com/p/43febc87a4d7,写的内容越来越多，因此做成一个系列，谢谢大家。我将定期更新相关内容：Scrapy实战：抓取本地论坛招聘内容 (一)Scrapy实战：抓取本地论坛...
爬虫原理与数据抓取之八:,https://www.jianshu.com/p/25a6a06fb0d7,Requests: 让 HTTP 服务人类 虽然Python的标准库中 urllib2 模块已经包含了平常我们使用的大多数功能，但是它的 API...
爬虫原理与数据抓取之七: URLError 和 HTTPError,https://www.jianshu.com/p/bf9841e27c9e,urllib2 的异常错误处理 在我们用urlopen或opener.open方法发出一个请求时，如果urlopen或opener.open不能...
量化投资：用Python实现金融数据的获取与整理,https://www.jianshu.com/p/362d141a48de,小编说：数据可以说是量化投资的根本，一切投资策略都是建立在数据基础上的。本文以优矿网为例，带领大家用Python实现金融数据的获取与整理。本文选...
Cookie & Session & LocalStorage,https://www.jianshu.com/p/52798c57d911,Cookie 一、什么是Cookie？1、Cookie 是浏览器访问服务器后，服务器传给浏览器的一段数据2、浏览器需要保存这段数据，不得轻易删除...
安全|常见的Web攻击手段之XSS攻击,https://www.jianshu.com/p/ecb54645ac5e,对于常规的Web攻击手段，如XSS、CRSF、SQL注入、（常规的不包括文件上传漏洞、DDoS攻击）等，防范措施相对来说比较容易，对症下药即可，...
安全|常见的Web攻击手段之CSRF攻击,https://www.jianshu.com/p/67408d73c66d,对于常规的Web攻击手段，如XSS、CRSF、SQL注入、（常规的不包括文件上传漏洞、DDoS攻击）等，防范措施相对来说比较容易，对症下药即可，...
抖音APP的视频数据采集方法（简书首发）,https://www.jianshu.com/p/a237694e7674,一、前言 从现在开始会偶尔写一些付费的内容，之所以要写付费内容，主要基于以下几点，占比权重依次降低。1、我喜欢钱。2、建立有用知识的门槛，把有用...
爬虫架构|利用Kafka处理数据推送问题（1）,https://www.jianshu.com/p/eb9dc3e31c06,如下图1-1所示，我们之前爬虫集群在采集完数据之后是直接插入到MySQL数据库中，分发服务再消费MySQL里面的数据。这样的设计会有两个主要的问...
02数据提取-xpath,https://www.jianshu.com/p/91249501a0f0,xpath xpath（XML Path Language）是一门在XML和HTML文档中查找信息的语言，可用来在XML和HTML文档中对元素和...
01网络请求-urllib库,https://www.jianshu.com/p/b88013c60611,urllib库是Python中一个最基本的网络请求库。可以模拟浏览器的行为，向指定的服务器发送一个请求，并可以保存服务器返回的数据 urlope...
01网络请求-requests库,https://www.jianshu.com/p/6ac050d84db1,安装和文档地址 直接使用pip可以非常方便的安装pip install requests中文文档：http://docs.python-requ...
我眼中的科比，永远的巨星,https://www.jianshu.com/p/1df34896b3ca,男孩心中的篮球梦 每个男孩心中都有一个篮球梦，都想像樱木花道，从最初的菜鸟，可以一步步成长为大神。高中时期，学业非常的繁忙。但为了篮球，我会在大...
Jupyter 入门之启动分析 （包含更改初始目录）,https://www.jianshu.com/p/9960e9dd539b,** 转载请联系作者表明出处** 前景介绍 通常情况下，我们通过 Anaconda 来启动 Jupyter Notebook 但是启动之后他会默...
Python网络爬虫3 - 生产者消费者模型爬取某金融网站数据,https://www.jianshu.com/p/2e0b4f391950,博客首发于www.litreily.top 应一位金融圈的朋友所托，帮忙写个爬虫，帮他爬取中国期货行业协议网站中所有金融机构的从业人员信息。网站...
爬虫入门教程⑦― jupyter与requests的初步使用,https://www.jianshu.com/p/9cb378ba2c4e,jupyter 是一个简易的，方便的写Python代码的工具包，requests是Python里非常好用的用来发送 http 请求的包。 开始学...
Python爬虫下载豆瓣某演员的所有图片,https://www.jianshu.com/p/8102fdde0b80,一：实现代码 二：下载效果，以演员埃文・蕾切尔・伍德 Evan Rachel Wood为例
我的第一个爬虫――爬取百度百科1000个页面的数据,https://www.jianshu.com/p/0ff9a14076b6,爬虫最简单的架构就三个方面： 1.URL管理器：主要负责url的管理，可以添加新的url到爬取集合中，将url从待爬取移到已爬取集合等等功能，u...
正则式（常用匹配，非贪婪，修饰符，re库函数）,https://www.jianshu.com/p/67ce0e9d1b81,一、常用的匹配规则总结： 二、万能匹配符号 .（点）可以匹配任意字符（除换行符），*（星） 又代表匹配前面的字符无限次，所以它们组合在一起 .*...
Python数据抓取_BeautifulSoup模块的使用,https://www.jianshu.com/p/5a9b2f7be5be,在数据抓取的过程中，我们往往都需要对数据进行处理 本篇文章我们主要来介绍python的HTML和XML的分析库BeautifulSoup Bea...
爬虫课堂（二十六）|使用scrapy-redis框架实现分布式爬虫（1）,https://www.jianshu.com/p/ec80c267d12b,到了讲scrapy-redis框架的时候啦，在讲它之前先提出三个问题： 我们要使用分布式，那么分布式有什么优点？ Scrapy不支持分布式，是为...
爬虫原理与数据抓取之一: 通用爬虫和聚焦爬虫,https://www.jianshu.com/p/3cde926aa5e2,通用爬虫和聚焦爬虫 根据使用场景，网络爬虫可分为 通用爬虫 和 聚焦爬虫 两种. 通用爬虫 通用网络爬虫 是 人饕擎抓取系统（Baidu、Go...
爬虫原理与数据抓取之二: HTTP(S)的请求与响应,https://www.jianshu.com/p/5a6e34e288db,HTTP和HTTPS HTTP协议（HyperText Transfer Protocol，超文本传输协议）：是一种发布和接收 HTML页面的方...
爬虫原理与数据抓取之三: HTTP代理神器Fiddler,https://www.jianshu.com/p/c8fbdd7b967a,HTTP代理神器Fiddler Fiddler是一款强大Web调试工具，它能记录所有客户端和服务器的HTTP请求。 Fiddler启动的时候，默...
爬虫原理与数据抓取之六: Handler处理器 和 自定义Opener,https://www.jianshu.com/p/2aa2068c8e61,Handler处理器 和 自定义Opener opener是 urllib2.OpenerDirector 的实例，我们之前一直都在使用的url...
爬虫原理与数据抓取之四: urllib2库的基本使用,https://www.jianshu.com/p/a85dd051f43b,urllib2库的基本使用 所谓网页抓取，就是把URL地址中指定的网络资源从网络流中读取出来，保存到本地。 在Python中有很多库可以用来抓取...
爬虫原理与数据抓取之五: GET和POST请求,https://www.jianshu.com/p/8447acf5a11e,urllib2默认只支持HTTP/HTTPS的 GET 和 POST 方法 urllib.urlencode() urllib 和 urllib...
利用爬虫增加 processon 免费文件数,https://www.jianshu.com/p/fec6e2a91962,github 地址：https://github.com/96chh/Upgrade-ProcessOn 关于 ProcessOn 非常好用的思...
爬虫课堂（二十八）|Spider和CrawlSpider的源码分析,https://www.jianshu.com/p/d492adf17312,我在爬虫课堂（二十五）|使用CrawlSpider、LinkExtractors、Rule进行全站爬取章节中说将对CrawlSpider的源码进...
爬虫架构|利用Kafka处理数据推送问题（3）架构图,https://www.jianshu.com/p/be7ef1e723cc,一、需求 1、对于所有任务产生的实时数据，通过Kafka及时推送。2、对于新加任务需要去历史全量数据表中获取该任务已有的历史数据。3、爬虫集群在...
ctf--网络信息安全攻防实验室之基础关writeup,https://www.jianshu.com/p/32e156f84fea,"此篇文章最先发表在个人博客上,欢迎访问:smiley: 使用的工具 chrome python3 md5在线工具(可搜索到)) 第 1  题 K..."
4 幅思维导图 | 学习 Python 爬虫：Requests，BeautifulSoup & Scrapy,https://www.jianshu.com/p/e68b4e77ff59,这次给大家带来的是4 幅思维导图，梳理了 Python 爬虫部分核心知识点：网络基础知识，Requests，BeautifulSoup，urll...
python爬虫-爬取拉勾网职位英文关键词,https://www.jianshu.com/p/27f2d0c43624,关于一直埋头学习，不知当前趋势，这是学习一门技术过程中最大的忌讳。刚好利用python爬虫，抓取一下拉勾网关于python职位的一些基本要求，不...
Mac下安装scrapy爬虫框架(Command "python setup.py egg_info" failed with error code 1),https://www.jianshu.com/p/5872cd0b0a33,工作空余时间想写个爬虫练手，没想到在安装scrapy的过程中遇到了很多问题，在此记录一下。1.安装python环境Mac上自带python2.7...
python爬虫项目（新手教程）之知乎（requests方式）,https://www.jianshu.com/p/b762cd9cdd4d,-前言 之前一直用scrapy与urllib姿势爬取数据，最近使用requests感觉还不错，这次希望通过对知乎数据的爬取为 各位爬虫爱好者和初...
爬虫笔记：分布式爬虫部署（Scrapy+Redis）,https://www.jianshu.com/p/966fd26b2f8d,scrapy+redis实现分布式爬虫 前言介绍 分布式爬虫又可以称为集群爬虫，和单点爬虫不同的是分布式爬虫可以实现多台机器同时运行，速度更快也...
selenium+python爬取简书文章,https://www.jianshu.com/p/5452475fb693,页面加载逻辑 当你兴致勃勃地从网上学习了基本的爬虫知识后就像找个目标实践下，拥有大量文章的简书包含了大量的有价值信息，所以自然成为了你的选择目标...
下载 tumblr 标记为喜欢的内容,https://www.jianshu.com/p/b33ba342ba45,源代码发布在github : get_tumblr_likes 一、介绍 本项目使用 python 编写，分析 tumblr 账户中喜欢的内容，...
Python网易云音乐爬虫进阶篇,https://www.jianshu.com/p/867c5df661cc,年前写过一篇爬网易云音乐评论的文章，爬不了多久又回被封，所以爬下来那么点根本做不了什么分析，后面就再改了下，加入了多线程，一次性爬一个歌手最热门...
Python爬虫爬取网易云音乐全部评论,https://www.jianshu.com/p/98e33aae1d6b,思路整理 访问网易云音乐单曲播放界面，我们可以看到当我们翻页的时候网址是没有变化的，这时候我们大致可以确定评论是通过post形式加载的；.2.接...
小猪的Python学习之旅 ―― 8.爬虫实战：刷某博客站点的访问量,https://www.jianshu.com/p/6d95d3dc6998,引言： Python并发的文章还在肝，比较乏味，写个爬虫小脚本玩玩，想起之前在某博客站点看到，一个人发布的渣渣文章，半个小时不到2W访问量，还连...
小猪的Python学习之旅 ―― 9.爬虫实战：爬取花瓣网的小姐姐,https://www.jianshu.com/p/f07edf9c87d4,引言： 关于爬小姐姐的脚本示例，在我的Gayhub仓库：ReptileSomething里已经有好几个了，基本都是没什么技术含量的，直接解析HT...
Python爬虫（Scrapy）爬取秀人网,https://www.jianshu.com/p/eb2e5efb7a87,最近睡了午觉之后，感觉一点精神都没有，我觉得需要刺激一下。 爬取的网站长这个样子: 运行 默认16个并发，我放公司不知道跑了多久，周末公司停电了...
爬虫-拉勾招聘需求词频分析,https://www.jianshu.com/p/16cd37a5355f,本文实现拉勾网的爬虫，抓取招聘需求，统计出的词频前70的关键词，当然数量可以自己定，以深圳市的python招聘岗位为例。 1、爬虫老套路，分析浏...
前程无忧 Python 招聘岗位信息爬取和分析,https://www.jianshu.com/p/81f56564152c,"如何使用爬虫分析Python 岗位招聘情况 Life is short, you need Python。Python 是一门很优雅的语言，用着..."
python定期爬取GitHub上每日流行项目,https://www.jianshu.com/p/236de0318790,个人主页：http://hellogod.cn 本文永久更新地址：博客:http://hellogod.cn 介绍一个在GitHub上看到的通用...
Scrapy爬虫教程二 浅析最烦人的反爬虫手段,https://www.jianshu.com/p/afd873a42b2d,Scrapy爬虫教程一 Windows下安装Scrapy的方式和问题总结 Scrapy爬虫教程二 浅析最烦人的反爬虫手段 Scrapy爬虫教程三...
Python数据科学（五）- 数据处理和数据采集,https://www.jianshu.com/p/a01b97e12f2d,传送门： Python数据科学（一）- python与数据科学应用(Ⅰ)Python数据科学（二）- python与数据科学应用(Ⅱ)Pytho...
Scrapy爬虫教程三 详细的Python Scrapy模拟登录知乎,https://www.jianshu.com/p/e3b19392e0f9,Scrapy爬虫教程一 Windows下安装Scrapy的方式和问题总结 Scrapy爬虫教程二 浅析最烦人的反爬虫手段 Scrapy爬虫教程三...
scrapy绕过反爬虫,https://www.jianshu.com/p/402fa18adc6b,这里还是用scrapy框架写的爬虫。最近才开始学习的，经过搜索了之后，常见的反爬虫方案大致有几个：1.针对用户行为，常见的就是网站会针对ip访问...
文书网-破解反爬思路详解,https://www.jianshu.com/p/08a589abb23e,作为爬虫er，与网站建设人员的斗智斗勇是一定会经历的，那么，作为立志于成为专业数据抓取人士的博主我也不例外。今天，我们就来简单说说如何抓取法律文...
【爬虫】Xpath高级用法,https://www.jianshu.com/p/1575db75670f,xpath速度比较快，是爬虫在网页定位中的较优选择，但是很多网页前端代码混乱难以定位，而学习定位也较为不易（主要是全面的教程较少），这里列出一点...
我用爬虫爬取了“腾讯云技术社区“所有的文章，看看我得到了什么,https://www.jianshu.com/p/819457eaf871,作者：应兆康 我用爬虫爬取了“腾讯云技术社区”所有的文章，看看我得到了什么 前言 闲来周末练习下爬虫就拿腾讯云技术社区来开刀， 哈， 经典皮卡丘...
python 数据分析之Numpy(高级篇),https://www.jianshu.com/p/6f5644233bc3,1. 利用数组进行数据处理 1.1  将条件逻辑表述为数组运算 1.2 数学和统计方法 1.3 布尔型数组的方法 1.4 排序 1.5 去重以及...
python 数据分析之Numpy(基础篇),https://www.jianshu.com/p/6b04b8c59978,目录 1. 数组创建函数 2. 数据运算 3. 索引和切片 4. 数组转置和轴对换 5. 函数 NumPy 安装与简介 NumPy是Python...
2016地球人民AV观赏年终总结,https://www.jianshu.com/p/49159a91a04f,最近，Pornhub放出了它的年终总结，快来让我们一起看一看地球人民2016年在看片事业上做出了怎样的一番成绩，顺便怀念一下那些陪我们渡过寂寞空...
soda学python-原来周杰伦最喜欢用的四个字是..,https://www.jianshu.com/p/c3308dc931e5,我是那个分析了孙燕姿的4万歌词，觉得要注孤生了po主。很意外也很开心受到大家这么多关注。楼主不是程序员，是个完完全全的小白，得到大家这么多鼓励还...
Python监控进程运行时信息的脚本,https://www.jianshu.com/p/9d7d2237cbad,最近在项目中需要一个可以长时间运行并监控某个进程的CPU和内存使用信息的脚本。于是很自然想到用Python来实现。笔者使用的是psutil。代码...
爬虫实战二：爬取电影天堂的最新电影,https://www.jianshu.com/p/c2b276c0d267,前面两篇文章介绍 requests 和 xpath 的用法。我们推崇学以致用，所以本文讲解利用这两个工具进行实战。 1 爬取目标 本次爬取的站点...
学会运用爬虫框架 Scrapy (四)  ―― 高效下载图片,https://www.jianshu.com/p/097c494dab48,爬虫程序爬取的目标通常不仅仅是文字资源，经常也会爬取图片资源。这就涉及如何高效下载图片的问题。这里高效下载指的是既能把图片完整下载到本地又不会对...
学会运用爬虫框架 Scrapy (三),https://www.jianshu.com/p/300c57fff664,上篇文章介绍 Scrapy 框架爬取网站的基本用法。但是爬虫程序比较粗糙，很多细节还需打磨。本文主要是讲解 Scrapy 一些小技巧，能让爬虫程...
爬虫的"盗亦有道"-Robots协议,https://www.jianshu.com/p/d16076661d40,网络爬虫的君子协议 网络爬虫的尺寸 网络爬虫引发的问题 性能骚扰 法律风险 隐私泄露 网络爬虫的"性能骚扰"web服务器默认接受人类访问，受限于...
[实战演练]python3使用requests模块爬取页面内容,https://www.jianshu.com/p/6173695d20db,1.安装pip 我的个人桌面系统用的linuxmint，系统默认没有安装pip，考虑到后面安装requests模块使用pip，所以我这里第一步先...
微信公众号文章评论、阅读、点赞的数据采集,https://www.jianshu.com/p/2e0d47d6c5e1,微信助手插件运行一个多月，一直没有打广告，因为目前还是不能处理大量频繁的请求，但是作为一个阅读辅助工具来说已经足够啦 插件详情见  https:...
 python3[爬虫实战] 使用selenium，xpath爬取京东手机（下） ,https://www.jianshu.com/p/281c99f76a64,这次主要是进行京东具体某个店铺手机评论内容的爬取。 本来是跟上一起写的，只是没有时间一块做总结，现在写上来是有点生疏了。这里是暂时获取一个商品的...
微信公众号文章爬虫,https://www.jianshu.com/p/67a8f5c92b49,很多的微信公众号都提供了质量比较高的文章阅读，对于自己喜欢的微信公众号，所以想做个微信公众号爬虫，爬取相关公众号的所有文章。抓取公众号的所有的文...
毒舌电影社区爬虫,https://www.jianshu.com/p/6b497f2b91b3,上一次写了scrapy-redis分布式爬虫的环境搭建，现在以毒舌电影社区为例子编写毒舌电影社区的分布式爬虫例子。如果对于scrapy-redi...
QQ音乐爬虫,https://www.jianshu.com/p/72b4222fadf5,脑海一直有个想法，想做一个音乐播放的小程序。奈何还只停留在脑海之中。音乐的数据的来源是个需要考虑的问题。之前用Nodejs爬取过酷狗音乐的歌曲，...
今日头条爬虫,https://www.jianshu.com/p/475f9f46c544,最近一直在学习python的scrapy框架。写了比较多的小例子。工欲善其事必先利其器。今天描述的就是爬取今日头条的科技板块新闻。练练这把利器。...
微信公众号爬虫,https://www.jianshu.com/p/a6b05017c2ed,微信团队于2017-06-06发布更新： “ 对所有公众号开放，在图文消息正文中插入自己帐号和其他公众号已群发文章链接的能力。” 那么，利用这个...
python爬虫批量获取最新电影资源,https://www.jianshu.com/p/51e36d0391cd,目标网站：http://www.dy2018.com/这是我们要下载的最新资源在这个页面：http://www.dy2018.com/html/...
比特币历史数据 - 利用 Python 从交易平台获取数据,https://www.jianshu.com/p/6f8486c1b3fa,根据相关政策规定，国内比特币交易将于2017年9月底关闭，但这几年里，比特币交易的历史行情数据，可能对日后用于研究经济、金融以及量化交易策略等都...
爬虫实战：爬虫之 web 自动化终极杀手 ( 上）,https://www.jianshu.com/p/6f8de4d53de5,爬虫之web自动化终极杀手 9/14/2017 11:43:07 PM 导语： 最近写了好几个简单的爬虫，踩了好几个深坑，在这里总结一下，给大家...
Python爬虫入门-爬取煎蛋网妹子图,https://www.jianshu.com/p/e30b714eca67,运行环境：Python3.6.0 所需的包： 伪装： 目录下新建文件夹： 网址分析： 主要代码： 一共20行不到，初学者自己动手试试（当然我也是...
Scrapy爬虫――突破反爬虫最全策略解析,https://www.jianshu.com/p/a94d7de5560f,有条件的请支持慕课实战正版课程，本blog仅仅是归纳总结，自用。 一、爬虫与反爬虫基本概念 误伤：由于学校、网吧等等用的是同一个公网ip，而内部...
利用豆瓣短评数据生成词云,https://www.jianshu.com/p/cebc81ea0f86,在之前的文章中，我们获得了豆瓣爬取的短评内容，汇总到了一个文件中，但是，没有被利用起来的数据是没有意义的。 前文提到，有一篇微信推文的关于词云制...
“全民K歌”网站数据分析之数据的获取,https://www.jianshu.com/p/98592eb633e3,最近看到身边好几个朋友都在用“全民K歌”这款软件在手机上K歌，使用频率还是很高，于是就想来看看全民K歌平台的用户究竟是一群什么样的用户？他们有什...
带你从零基础到Python工程师,https://www.jianshu.com/p/74e9f216d630,前言 你是否曾想过自学python，成为一名python工程师，却发现遇到问题无人解答，网上找的资料太过零散不成系统，根本不知道从何下手； 如果...
 用Python爬取美团外卖APP评论,https://www.jianshu.com/p/25c8b4cfda1a,一、介绍 朋友暑假实践需要美团外卖APP评论这一份数据，一开始我想，这不就抓取网页源代码再从中提取数据就可以了吗，结果发现事实并非如此，情况和之...
python3 爬虫入门,https://www.jianshu.com/p/6e6205bef56a,这里爬取猫眼电影 TOP100 榜的信息，作为学习的第一个Demo 有目标才有驱动力 个人觉得python这门语言，入门最好的方式就是直接实战，...
Python3[爬虫实战] scrapy爬取汽车之家全站链接存json文件 ,https://www.jianshu.com/p/cdf8aee959db,昨晚晚上一不小心学习了崔庆才，崔大神的博客，试着尝试一下爬取一个网站的全部内容，福利吧网站现在已经找不到了，然后一不小心逛到了汽车之家 (htt...
Python3[爬虫实战] 爬虫之scrapy爬取爱上程序网存MongoDB（android模块） ,https://www.jianshu.com/p/f6455a1bf381,爱上程序网 （http://www.aichengxu.com/android） 缘由：这个网站是在工作中谷歌找问题找出来的，然后发现里面的文章...
python爬虫抓取app列表的图标,https://www.jianshu.com/p/33fd63b3b15a,python爬虫抓取app列表的图标 爬虫简介 所谓的爬虫简单来说，就是通过不断的变化http请求的url，向服务器进行请求，从而获得服务器返回...
python 爬取中国天气网气象信息,https://www.jianshu.com/p/47a98ec5a0d7,"实现效果如下图： 如果想实现其他功能改进一下代码吧。这个是用了python，requests库 代码如下： import requests,js..."
第六课 Python爬虫最终整理总结,https://www.jianshu.com/p/d7ae19ef3cda,代码整理封装如图： Python简洁又强大！ 至此，教程圆满结束，还有什么不懂的或有疑问的问题，欢迎大家加我的QQ：1099718640 顺便再...
Python网络爬虫（六）- Scrapy框架,https://www.jianshu.com/p/8a70b67055eb,目录： Python网络爬虫（一）- 入门基础Python网络爬虫（二）- urllib爬虫案例Python网络爬虫（三）- 爬虫进阶Pytho...
分布式爬虫：动机、原理及实现,https://www.jianshu.com/p/0cf250564cfa,分布式爬虫与爬虫的区别是什么？多了“分布式”三个字。 分布式爬虫的动机 那么什么是分布式？严谨学术的概念就不搬过来了。大致来说，就是需要计算的数...
我的第一个豆瓣短评爬虫,https://www.jianshu.com/p/718bccc1f60f,豆瓣上有着大量的影视剧的评论，所以说，要是想要实现对广大人民群众的观点的分析，对一部片子的理解，综合来看大家的评论是很有必要的。而短评作为短小精...
Python爬虫-Android手写爬虫,https://www.jianshu.com/p/db815ca08ee3,我以我自己的想法来分析用Python爬网页的步骤以及注意点～ 首先我个人认为一个小爬虫的步骤很简单，无非就是“找网站-分析网页源码-请求-分析-...
分析Ajax来抓取今日头条街拍美图,https://www.jianshu.com/p/5a119d8c0721,一、介绍 还是根据崔大大的视频来码的文章，不得不说，抓取文件并下载下来比抓取网页内容信息复杂多了 二、流程 目标站点分析用浏览器打开今日头条输入...
User-agent大全,https://www.jianshu.com/p/da6a44d0791e,一、基础知识篇：Http Header之User-AgentUser Agent中文名为用户代理，是Http协议中的一部分，属于头域的组成部分，...
用Requests+正则表达式爬取猫眼电影,https://www.jianshu.com/p/b8f4e878cde5,一、介绍 最近在看崔庆才老师的视频，崔大大确实不错，思路和代码书写都很谨慎，我就再码码字吧，方便以后查阅或温习 二、流程 用浏览器打开猫眼电影，...
使用Selenium抓取淘宝商品美食信息,https://www.jianshu.com/p/0679aa469a27,一、介绍 还是崔庆才老师的视频，废话不多说，直接上菜 二、流程 目标站点分析用浏览器打开淘宝首页输入‘美食’，打开审查元素，分析我们要的商品信息...
用python爆破某会员网站,https://www.jianshu.com/p/7a97de637652,暑假在家上网，qq群里一位好友给我说他想要某个网站的会员，ps（是个小网站），本着助人为乐的精神我去踩了点。。。 然后就有了思路（骚操作） 先讲...
获取B站视频下载地址接口实现批量下载,https://www.jianshu.com/p/2aab486a3841,（注意！本篇文章从ibilibili失效之后就跟着失效了，仅提供思路） 简介 B站有很多值得下载的分P的资源，虽然bilibili前面加个i就可...
共享单车爬虫演示代码,https://www.jianshu.com/p/6038cfa25cf1,代码已经不可用！token也不能用了！需要数据请联系微信bcdata 这里的代码并不是最新的，请到https://github.com/dere...
Gephi绘制微博转发图谱：以“@老婆孩子在天堂”为例,https://www.jianshu.com/p/cdb215761428,一、前言 以前看过一篇提取《釜山行》剧本中人物，并用Gephi绘制关系图谱的文章，因此想用Gephi绘制下微博转发情况，借此来换个角度看看微博内...
Python入门之爬取Tumblr,https://www.jianshu.com/p/84871c82f4d5,前言 好久没上简书了，一是因为忙，二是因为感觉没啥可以写的。刚好这几天放假，闲下来，碰巧前段时间因为需要搞OCR、OpenCV，就开始接触Pyt...
反爬虫微信文章（总结）,https://www.jianshu.com/p/a3de396efc31,"在爬虫时，某些网站会有封ip的现象,所以选择利用代理伪装我们的ip进行爬虫请求，但进行爬虫时可能需要很多ip，这时就要求维护一个代理池（池也就是..."
Flask+Echarts 实现动图图表,https://www.jianshu.com/p/e2304a875671,一直很喜欢百度的Echarts，可视化真的很炫酷。虽然有pyecharts库，但我至今没用成功过。Echarts酷炫的功能主要是javascri...
使用Selenium模拟浏览器抓取淘宝商品美食信息（总结）,https://www.jianshu.com/p/8483d72e9233,"先说下 Selenium 是什么？一句话讲是一种自动化测试工具。它支持各种浏览器的驱动，包括 Chrome，Safari，Firefox ,Ph..."
知乎问题答案图片爬虫(三),https://www.jianshu.com/p/c1459a51c711,"登录成功以后就是要调用知乎的链接地址获取数据了,定义如下函数从问题ID中保存图片。apiUrl中有三个参数需要上传，offset用来分页，lim..."
知乎问题答案图片爬虫(一),https://www.jianshu.com/p/3ffe88c7aabd,最近跟朋友斗图，发现图片严重不足，突发奇想想用Python实现一个从知乎里面抓取相关问题下的所有图片的小工具。通过辛勤的上网搜索各位大神的工作，...
知乎问题答案图片爬虫(二),https://www.jianshu.com/p/1f81a180d278,翻阅了网上很多大神的知乎登录的文章，很多因为知乎修改了登录的方法都不能用了，经过多次实验采用了某大神在github上的方法。 session =...
极验验证码破解―超详细教程（一）,https://www.jianshu.com/p/3726581d218a,[国家企业信用信息公示系统为例] 极验验证码破解―超详细教程（一） 极验验证码破解―超详细教程（二） 极验验证码破解―超详细教程（三） Gayh...
极验验证码破解―超详细教程（二）,https://www.jianshu.com/p/e801b6cf1c7d,极验验证码破解―超详细教程（一） 极验验证码破解―超详细教程（二） 极验验证码破解―超详细教程（三） Gayhub:FanhuaandLuomu...
极验验证码破解―超详细教程（三）,https://www.jianshu.com/p/39e1e56d1e96,极验验证码破解―超详细教程（一） 极验验证码破解―超详细教程（二） 极验验证码破解―超详细教程（三） Gayhub:FanhuaandLuomu...
用python抓取小仙女2000+条微博后做的简单分析,https://www.jianshu.com/p/e6bca8407204,动机 某天小仙女翻她微博发照片给我看，我打开她的微博，我的天，2000多条。刚好最近在做NLP相关的工作，需要爬各种数据，于是萌生了把小仙女微博...
Python爬虫-爬取网站图片,https://www.jianshu.com/p/af4c4cda12f2,今天要爬的网站就是 进入网站，点开美女图片栏目，打开开发者工具找到我们需要的url，跳转到详情页的url接下来我们随便点进一个里面，比如第二个美...
铁路换乘系统（1：获取所有车次的详细信息）,https://www.jianshu.com/p/fdc915236f10,最近参加一个比赛做了一个铁路换乘系统，现在想谈一谈这个系统的构建过程。先不谈算法，页面的布局和服务器的构建，既然是铁路的换乘系统，那么先说一说每...
网易云音乐评论抓取实验(1)接口获取,https://www.jianshu.com/p/155112988fe9,（后续文章已更新：网易云音乐评论抓取实验(2)朴素贝叶斯入门：通过概率对评论情绪分类） 上篇文章Python实现电影排行榜自动网盘下载(4)Co...
Python系列之――利用Python实现微博监控,https://www.jianshu.com/p/9e7ba0a0a610,0x00 前言: 前几个星期在写一个微博监控系统 可谓是一波三折啊 获取到微博后因为一些字符编码问题 导致心态爆炸开发中断 但是就在昨天发现了另...
Python实现电影排行榜自动网盘下载(2)Scrapy深入 “打包员”“快递员”,https://www.jianshu.com/p/3400681976bc,本文参考学习博主崔庆才的系列教程Scrapy教程上一篇文章当中我们获得了电影的名字，来想想平时我们下电影是怎么下的？ 那还不是轻车熟路吗？？扔到...
如何写一个简单的分布式知乎爬虫？,https://www.jianshu.com/p/a2a07ed07161,前言 很早就有采集知乎用户数据的想法，要实现这个想法，需要写一个网络爬虫（Web Spider）。因为在学习 python，正好 python ...
Python实现电影排行榜自动网盘下载(3)Selenium离线下载,https://www.jianshu.com/p/595f296aa7d1,终于到了最后一步啦。还记得上一篇文章电影名和磁力链接都到了“快递员”Pipeline手里吗？这一部分我们就让他处理包裹，实现百度网盘下载！看看最...
soda学python-我分析了孙燕姿的四万字歌词发现,https://www.jianshu.com/p/bc1878af50fb,最近瞧了一篇文章，我做了六百万字得歌词分析，告诉你中国rapper都在唱什么.立马想到也来分析分析我姿看看。最后的4万字歌词的词云让我看到一条箴...
Chromeless | 让 Chrome 自动化变得简单,https://www.jianshu.com/p/efd416201bef,简评：之前，Chrome 已经提供了无界面模式（Chrome Headless）。Chromeless 这个项目又对这个做了一层封装，可以直接远...
爬取张佳玮138w+知乎关注者：数据可视化,https://www.jianshu.com/p/230ca4fcae14,一、前言 作为简书上第一篇文章，先介绍下小背景，即为什么爬知乎第一大V张公子的138w+关注者信息？ 其实之前也写过不少小爬虫，按照网上各种教程...
爬虫统计监控平台搭建――grafana+influxdb,https://www.jianshu.com/p/9a7e4a87ccd3,公司爬虫系统需要一个统计和监控平台，可以方便开发和运维查看爬虫抓取的状况和及时收到异常信息报警。 之前的版本是我用flask写的，但是UI较丑陋...
微博cookie池B版本――基于requests库实现,https://www.jianshu.com/p/172159f243d8,上周更新了一篇利用selenium+在线验证码识别的微博cookie池，今天这篇我们用requests库实现这个流程，效率提升不只是一点点啊。测...
用python写一个cnBeta阅读器,https://www.jianshu.com/p/f04e514c2902,我个人平时喜欢逛cnBeta和百度贴吧，我利用之前的写百度贴吧客户端的code， 写了一个cnBeta的阅读器 用python写一个百度贴吧客户...
动态爬虫之QQ好友列表,https://www.jianshu.com/p/ad1a68e09e17,步骤 1、分析qzone请求2、分析参数来源3、仿照数据请求 上次写的一个qzone登陆写的不详细这次决定写一个详细分析qzone js 获取好...
Python破解GeeTest滑块验证码offline V5.10.10,https://www.jianshu.com/p/7623ff64ee54,GeeTest滑块验证码通过机器学习检查鼠标行为轨迹，识别人工或机器行为。online在线验证的流程，目前最全面的分析文档详见 https://...
Python爬虫基础 | 多线程编程及多线程爬取京东手机信息,https://www.jianshu.com/p/440cbc086f43,引言 在多线程编程出现之前，电脑程序的运行由一个执行序列组成，执行序列按顺序在主机的CPU中运行。无论是任务本身要求顺序执行还是整个程序是由多个...
airbnb房源详情数据采集――bs4&selenium,https://www.jianshu.com/p/29a3b927b297,有朋友要爬airbnb国内各大城市房源数据写论文，正好有空闲时间，所以就写了下，详情页用的是JS加载所以在获取详情页的时候采用了selenium...
大数据报告：知乎百万用户分析,https://www.jianshu.com/p/6815e9553aba,前言 最近用 python 爬虫抓取了知乎用户个人资料（公开信息），去重之后有300+万条记录，为了得到这些数据，还不小心跑崩了一台服务器…… ...
老司机教你看妹子――你的第一个知乎爬虫(1),https://www.jianshu.com/p/cb1d05527335,老司机教你看妹子――你的第一个知乎爬虫(1) 序 你看着知乎上一个个的爆照贴，想着怎样能把这些图片都保存下来呢。 “啊，老师啊，有没有什么可以批...
用python做数据可视化之pyecharts基础,https://www.jianshu.com/p/794a917648d0,pyecharts 简介 pyecharts用于生成Echarts图标的类库，Echarts是百度开源的一个数据可视化JS库 绘制第一个图表 a...
python爬虫反爬取---设置IP代理自动变换requests.get()中proxy的IP,https://www.jianshu.com/p/0b571a98e883,今天做了个随机变换IP的功能由于今天懒得写爬虫爬取西刺网 (http://www.xicidaili.com/wt/) 的ip和端口号 就简单写...
分布式爬虫笔记（一）- 非框架实现的Crawlspider,https://www.jianshu.com/p/c86e23d7ebd6,不久前写过一篇使用Scrapy框架写的Crawlspider爬虫笔记（五）- 关于Scrapy 全站遍历Crawlspider，本次我再次沿用上...
Python漫画爬虫两弹,https://www.jianshu.com/p/2e0d547118d9,其实从接触python到现在已经快大半年了，中间看过不少的视频，也跟着别人的教程写过不少东西，但是到现在还感觉没有入门。其实中间也明白是为什么，...
破解有道翻译反爬虫机制,https://www.jianshu.com/p/2a99329d565b,破解有道翻译反爬虫机制 web端的有道翻译，在之前是直接可以爬的。也就是说只要获取到了他的接口，你就可以肆无忌惮的使用他的接口进行翻译而不需要支...
分布式爬虫笔记（二）- 多线程&多进程爬虫,https://www.jianshu.com/p/0d55fae1fdd4,这一次分析主要是针对上 分布式爬虫笔记（一）- 非框架实现的Crawlspider 的一次改进，从单机的爬虫改成多线程和多进程爬虫~~~ 多线程...
【爬虫】通关黑板客爬虫闯关游戏,https://www.jianshu.com/p/f64853b8f7e9,最近看到的一个关于Python爬虫的闯关游戏，手痒，试他一试。 第一关 地址：http://www.heibanke.com/lesson/cr...
简书文章排名_兼顾时效和质量,https://www.jianshu.com/p/b844caf18140,直接上数据 简书不支持iframe，只能点连接了，连接里的排行是实时的哦~ 如果是PC浏览器，点这个，速度更快 如果是微信，点这个，上面那个被鹅...
Python高阶（一） - 单线程、多线程和多进程的效率对比测试,https://www.jianshu.com/p/4a29b20b2b5b,多线程的目的 - “最大限度地利用CPU资源”。每个程序执行时都会产生一个进程，而每一个进程至少要有一个主线程。对于单CPU来说（没有开启超线程...
IP代理池2.0版本，加入多进程以及多线程,https://www.jianshu.com/p/6f1ae7b32bfa,这次对之前的代理池1.0版本进行了升级，可用性大大增加了，也增加了一些IP源头的获取，包括西刺高匿代理前50页的IP抓取，还有对于TXT文件里面...
Python 3 爬虫学习笔记 （四）,https://www.jianshu.com/p/96abb2bbdb1b,"这是我自己在学习python 3爬虫时的小笔记，做备忘用,难免会有一些错误和疏漏,望指正~~~Python 3 爬虫学习笔记 （一）Python..."
Python 3 爬虫学习笔记 （三）,https://www.jianshu.com/p/eb2a5f01abfb,"这是我自己在学习python 3爬虫时的小笔记，做备忘用,难免会有一些错误和疏漏,望指正~~~Python 3 爬虫学习笔记 （一）Python..."
python爬虫之豆瓣音乐top250,https://www.jianshu.com/p/1f40c00cc233,
Python 3 爬虫学习笔记（二）,https://www.jianshu.com/p/f7b0a39f66d0,"这是我自己在学习python 3爬虫时的小笔记，做备忘用,难免会有一些错误和疏漏,望指正~~~Python 3 爬虫学习笔记 （一）Python..."
记人生第一次外包――淘宝商品自动上架,https://www.jianshu.com/p/9c7823f44b85,准确说应该是一次成功的外包。3个月前还有一次，但是自己技术的原因当时没接下来，后续还会写篇文章总结一下之前失败的原因。 正文开始： 前一段时间有...
Python爬虫小白入门（六）爬取披头士乐队历年专辑封面-网易云音乐,https://www.jianshu.com/p/5ab79b37a208,一、前言 前文说过我的设计师小伙伴的设计需求，他想做一个披头士乐队历年专辑的瀑布图。 通过搜索，发现网易云音乐上有比较全的历年专辑信息加配图，图...
基于Redis的Bloomfilter去重（附代码） ,https://www.jianshu.com/p/c3ed818f9531,专栏作者简介 九茶 Python工程师，目前居于广州。Github知名开源爬虫QQSpider和SinaSpider作者，经常会在CSDN上分享...
盘点selenium phantomJS使用的坑 ,https://www.jianshu.com/p/9d408e21dc3a,说到python爬虫，刚开始主要用urllib库，虽然接口比较繁琐，但也能实现基本功能。等见识了requests库的威力后，便放弃urllib库...
Python爬虫――爬取豆瓣读书信息并存入数据库,https://www.jianshu.com/p/6c060433facf,这两天爬了豆瓣读书的十万条左右的书目信息，用时将近一天，现在趁着这个空闲把代码总结一下，还是菜鸟，都是用的最简单最笨的方法，还请路过的大神不吝赐...
用python写一个没有广告的英文词典,https://www.jianshu.com/p/1496810308c3,【作者： 0han  未经授权请勿转载文章，直接转载代码请保留作者及出处】 第一次用Markdown写文章耶，我在知乎上也叫0han 就我一个 ...
通过Python爬虫抓取漫画图片,https://www.jianshu.com/p/f91baf9b8926,无聊浏览某漫画网站（你懂的。-_-），每次翻页时都需要重新请求整个页面，页面杂七杂八的内容过多，导致页面加载过程耗时略长。于是决定先把图片先全部...
一个实现批量抓取淘女郎写真图片的爬虫 ,https://www.jianshu.com/p/986ea3c0860e,淘女郎，也被很多人称作“网络模特”，就是专门给淘宝、天猫等线上商家拍摄图片的平面模特。 我们将用Python3和Selenium Webdriv...
爬虫学习之一个简单的网络爬虫,https://www.jianshu.com/p/c54306e80c08,概述 这是一个网络爬虫学习的技术分享，主要通过一些实际的案例对爬虫的原理进行分析，达到对爬虫有个基本的认识，并且能够根据自己的需要爬到想要的数据...
scrapy爬取整个ttmeiju的资源,https://www.jianshu.com/p/321a5a83dc47,天天美剧是我非常喜欢的一个美剧资源网站，资源更新比较迅速。 我以前写过不用scrapy的爬虫，详见（https://github.com/dax...
怎么样优雅的使用python里面的多线程（要优雅，不要污）,https://www.jianshu.com/p/de86bc6e7763,关于臭名昭著的"GIL"严重阻碍了python多线程在实际工程上的应用，很多人理直气壮的说：“为什么要用python里面的多线程，它的速度比单线...
pyspider部署以及遇到的问题（on centos7）,https://www.jianshu.com/p/7de3564ba473,我是在自己的vps（centos7）上部署的，使用了virtualenv，使用的python版本为3.5.2注意编译环境一定要装好。关于cent...
产品经理学Python&爬虫（一）：为什么我要学Python,https://www.jianshu.com/p/03c4448ade0d,什么是 Python？ Python 是一门优雅、明确、简单的编程语言，拥有丰富和强大的库，适合编写脚本与进行数据分析 为什么我要学 Pytho...
产品经理学Python&爬虫（二）：Python基础及爬虫入门,https://www.jianshu.com/p/1c2fd824a6a2,写在前面 我们在学习任何一门技术的时候，往往都会看很多技术博客，很多程序员也会写自己的技术博客。但是我想写的这些不是纯技术博客，我暂时也没有这个...
Python爬虫爬取美剧网站,https://www.jianshu.com/p/7dc352214d52,一直有爱看美剧的习惯，一方面锻炼一下英语听力，一方面打发一下时间。之前是能在视频网站上面在线看的，可是自从广电总局的限制令之后，进口的美剧英剧等...
爬取4万多个淘宝模特信息进行数据分析,https://www.jianshu.com/p/34493eab2a80,好久没有更新博客，国庆7天，宿舍就我一个人，人生真的寂寞如雪啊。想起我之前看过一本数据分析的书，今天想来实战一下。之前由于误删了网络爬虫爬下来的...
教你从零开始学会写爬虫（Python）,https://www.jianshu.com/p/711271c82fd2,写爬虫总是非常吸引IT学习者，毕竟光听起来就很酷炫极客，我也知道很多人学完基础知识之后，第一个项目开发就是自己写一个爬虫玩玩。 其实懂了之后，写...
把豆瓣分类电影排行爬回来写进数据库中（完成）,https://www.jianshu.com/p/112bdc420074,由于最近想做一个爬虫，把爬回来的数据放到数据库中。可是我不懂，MySQL。但由于未来工作很可能都是在Linux上做开发。所以，从前天起我就先掉进...
phantomjs2.1 初体验,https://www.jianshu.com/p/9efe08a8e99e,上次看了一下scrapy1.1的新手指南 决定写个小爬虫实验一下 目标网站是http://www.dm5.com/manhua-huofengl...
scrapy1.1 新手指南（python3）,https://www.jianshu.com/p/99eb3b693653,初次接触scrapy记录一下官方[tutorial]（http://doc.scrapy.org/en/1.1/intro/tutorial.h...
我用Python写了个租房脚本，顺利找到合适的房子！,https://www.jianshu.com/p/fd341e85c934,租过房的孩子都知道，租房是个非常麻烦的事情，要想找到上班方便、生活方便、价格便宜的地方真的不容易，找中介太贵，自己找太费时而且也不一定找得到……...
scrapy 源代码阅读笔记（0）-- 背景,https://www.jianshu.com/p/9c61325046d5,初探 scrapy可以服务与中小型爬虫项目，异步下载性能很出色，（50M电信，scrapy单进程，半小时，最高纪录12w页）。不过更令人惊讶的是...
python数据分析应用 - 近5年八类资产价格走势分析,https://www.jianshu.com/p/ca0db9803719,最近发现PYTHON与TABLEAU的组合简直就是我们数据分析爱好者的绝佳工具组合。最近对大类资产配置这个问题产生了较大的兴趣，笔者就使用pyt...
原创爬虫开源项目――更新维护,https://www.jianshu.com/p/ed4965eaa40d,前言 已经有十几天没有更新文章了，但是这些天并没有闲着，状态和封面上的人一样，写代码和思考。。。（我的新书《Python爬虫开发与项目实战》发布...
Python爬虫：爬取拉勾网职位信息存入excel,https://www.jianshu.com/p/5cdd6e335ae8,校招进入火热状态，学人力资源管理的我想了解当前全国HR职位情况的相关数据，所以将近期爬虫目标瞄准了拉勾网    [坏笑] 前期准备 打开拉勾首页...
Scrapy抓取拉勾网招聘信息（一）,https://www.jianshu.com/p/b32a63408bfd,前段时间自己做了个互联网职位分析的网站，本文将记录下整个数据获取的全部过程，之后还会有对数据进行可视化操作的介绍。该项目的所有代码均已放在git...
Scrapy抓取拉勾网招聘信息（二）,https://www.jianshu.com/p/39b0a1b65f14,上一节把基本的思路理清楚了之后，接下来就开始代码的编写了。查看原文 其中要注意的也是爬虫编写中最头疼的问题，就是反爬措施，因为拉勾网对爬虫的反爬...
scrapy爬虫一定会用到的小技巧,https://www.jianshu.com/p/5ba6444b0c5f,处处是坑，且用且珍惜 入坑Python爬虫已经一周多了，哦，不对，这篇文章本打算上周末写的，然而周末总是过的很快（相信都深有体会，哈哈），结果写...
[宅男福利]用Python下载页面中所有的图片,https://www.jianshu.com/p/71c8aeb5ddc2,"思路分析 首先利用Python的Requests库去获取参数中页面的内容 , 然后进行使用BeautifulSoup库进行解析 , 解析到图片以..."
Python爬虫-用Scrapy框架实现漫画的爬取,https://www.jianshu.com/p/c1704b4dc04d,在之前一篇抓取漫画图片的文章里，通过实现一个简单的Python程序，遍历所有漫画的url，对请求所返回的html源码进行正则表达式分析，来提取到...
Python爬虫-pyspider框架的使用,https://www.jianshu.com/p/1f166f320c66,pyspider 是一个用python实现的功能强大的网络爬虫系统，能在浏览器界面上进行脚本的编写，功能的调度和爬取结果的实时查看，后端使用常用...
Python爬虫小白入门（四）PhatomJS+Selenium第一篇,https://www.jianshu.com/p/4edc73dcf734,一、前言 在上一篇博文中，我们的爬虫面临着一个问题，在爬取Unsplash网站的时候，由于网站是下拉刷新，并没有分页。所以不能够通过页码获取页面...
Python爬虫小白入门（三）BeautifulSoup库,https://www.jianshu.com/p/95a8bab8d3d1,一、前言 上一篇演示了如何使用requests模块向网站发送http请求，获取到网页的HTML数据。这篇来演示如何使用BeautifulSoup...
Python爬虫小白入门（一）写在前面,https://www.jianshu.com/p/dade371b49fa,一、前言 你是不是在为想收集数据而不知道如何收集而着急？ 你是不是在为想学习爬虫而找不到一个专门为小白写的教程而烦恼？ Bingo! 你没有看错...
宜搜全站数十万小说爬虫,https://www.jianshu.com/p/a1c5183f3f4d,自从看了师傅爬了顶点全站之后，我也手痒痒的，也想爬一个比较牛逼的小说网看看，于是选了宜搜这个网站，好了，马上开干，这次用的是mogodb数据库，...
中国裁决文书网爬虫,https://www.jianshu.com/p/d9fc1ec98f68,之所以爬这个网站，是因为一位朋友也在爬，而且推荐了一下给我，说作为练手很不错，于是我就是爬了，于是这网站写了我差不多五天，写得我真是呕心沥血啊，...
利用scrapy抓取深圳在链家网的所有租房信息，存进MySql数据库,https://www.jianshu.com/p/ecf3a88d9ae1,这次利用scrapy抓取了深圳所有在链家网的租住房信息，一直对房租价格比较感兴趣，这次终于能利用自己的技能分析一下了，至于为什么现在链家网，时候...
爬虫url去重――Berkeley DB 性能测试,https://www.jianshu.com/p/6d02c1ac8c2b,2017年3月7日更新berkley db 还是不适合应用在生产环境中。今天我ctrl+c强制关程序，berkley db 一直报错: 这太不健...
招募小伙伴翻译 frontera,https://www.jianshu.com/p/5d1e93cb02d9,注意：Frontera对Windows的兼容性不好，Windows开发者慎用 ------20170929 更新------历时7个月，终于完成...
frontera――最好的scrapy 分布式框架,https://www.jianshu.com/p/ff8846ad0e94,注意：Frontera对Windows的兼容性不好，Windows开发者慎用 因为公司项目需求，最近在学习 portia 。 啥是 portia...
Python爬取知乎与我所理解的爬虫与反爬虫,https://www.jianshu.com/p/2577e5bcbf05,知乎已经成为了爬虫的训练场，本文利用Python中的requests库，模拟登陆知乎，获取cookie，保存到本地，然后这个cookie作为登陆...
Scrapy爬取链家网房源 高德地图展示,https://www.jianshu.com/p/4ce0b0588fa3,1.代码链接 https://github.com/happyte/buyhouse 2.最终效果图 3.实现思路 1.爬取的是链家网的成都地区...
用Python来扒Q房网,https://www.jianshu.com/p/9b77d8f7509b,嗯，这一篇文章更多是想分享一下我的网页分析方法。玩爬虫也快有一年了，基本代码熟悉之后，我感觉写一个爬虫最有意思的莫过于研究其网页背后的加载过程了...
12306抢票脚本开发(六)更友好的时间输入方式,https://www.jianshu.com/p/69463cac0e9b,文章地址 : 12306抢票脚本开发(一)提纲12306抢票脚本开发(二)解析火车站代号并分析查询的HTTP请求12306抢票脚本开发(三)实现...
12306抢票脚本开发(五)中文火车站名到火车站代号的转换,https://www.jianshu.com/p/ae01b7532db5,文章地址 : 12306抢票脚本开发(一)提纲12306抢票脚本开发(二)解析火车站代号并分析查询的HTTP请求12306抢票脚本开发(三)实现...
python网络爬虫之Scrapy,https://www.jianshu.com/p/a45dacd2d938,本文分享的大体框架包含以下三部分 （1）首先介绍html网页，用来解析html网页的工具xpath（2）介绍python中能够进行网络爬虫的库（...
Scrapy爬虫入门教程九 Item Pipeline（项目管道）,https://www.jianshu.com/p/8d65da080c47,Python版本管理：pyenv和pyenv-virtualenvScrapy爬虫入门教程一 安装和基本使用Scrapy爬虫入门教程二 官方提供...
Scrapy爬虫入门教程七 Item Loaders（项目加载器）,https://www.jianshu.com/p/f51d93f82f21,Python版本管理：pyenv和pyenv-virtualenvScrapy爬虫入门教程一 安装和基本使用Scrapy爬虫入门教程二 官方提供...
Scrapy爬虫入门教程六 Items（项目）,https://www.jianshu.com/p/b8bd95348ffe,Python版本管理：pyenv和pyenv-virtualenvScrapy爬虫入门教程一 安装和基本使用Scrapy爬虫入门教程二 官方提供...
Scrapy爬虫入门教程五 Selectors（选择器）,https://www.jianshu.com/p/26da91b38df7,Python版本管理：pyenv和pyenv-virtualenvScrapy爬虫入门教程一 安装和基本使用Scrapy爬虫入门教程二 官方提供...
Scrapy爬虫入门教程四 Spider（爬虫）,https://www.jianshu.com/p/60eb6ed5b6b1,Python版本管理：pyenv和pyenv-virtualenvScrapy爬虫入门教程一 安装和基本使用Scrapy爬虫入门教程二 官方提供...
Scrapy爬虫入门教程二 官方提供Demo,https://www.jianshu.com/p/428cbd8d12ec,Python版本管理：pyenv和pyenv-virtualenvScrapy爬虫入门教程一 安装和基本使用Scrapy爬虫入门教程二 官方提供...
Scrapy爬虫入门教程三 命令行工具介绍和示例,https://www.jianshu.com/p/034444bc6ff7,Python版本管理：pyenv和pyenv-virtualenvScrapy爬虫入门教程一 安装和基本使用Scrapy爬虫入门教程二 官方提供...
深入剖析拉钩网，小白也来玩数据（二）,https://www.jianshu.com/p/a3a0f06a81ea,谈拉钩网爬虫的源码分析、爬虫策略及问题解决 拉钩网因其json格式的结构化数据，成为几乎所有“爬者”必经的练手场。 网上许多高手也分享了他们的经...
【爬虫其实很简单】requests 与 beautiful soup基础入门,https://www.jianshu.com/p/9c266216957b,本篇教程内容完全针对初学者，如果你需要更进阶一点的知识，本篇可能给你的帮助十分有限。 准备工作 首先确认代码环境，我们使用python来进行爬虫...
【爬虫其实很简单】系列教程开坑了,https://www.jianshu.com/p/91f8b6ec7db9,这两天在准备泰迪杯的比赛，我们选的题目需要用爬虫来解决。所以我也开始学习了一点爬虫。在学习的过程中发现网上不乏好的教程。例如我主要用来学习由崔庆...
Python爬虫模拟登录的黑魔法,https://www.jianshu.com/p/cc70e35b47fc,今天用 requests + BeautifulSoup 抓取 aliexpress 的时候， 在模拟登录时候出现了很多问题， 提交数据时会对密...
爬虫框架Scrapy（例子）,https://www.jianshu.com/p/703fc1b36ea4,前言 最近看到一篇非常不错的关于新词发现的论文--互联网时代的社会语言学：基于SNS的文本数据挖掘，迫不及待的想小试牛刀。得先有语料啊…… 本文...
Python scrapy框架用21行代码写出一个爬虫,https://www.jianshu.com/p/d89acc0da6c2,"开发环境:Pycharm 2017.1(目前最新)开发框架:Scrapy 1.3.3(目前最新) 目标 爬取线报网站,并把内容保存到items...."
爬虫入门系列（一）：快速理解HTTP协议,https://www.jianshu.com/p/02c51eb40df7,4月份给自己挖一个爬虫系列的坑，主要涉及HTTP 协议、正则表达式、爬虫框架 Scrapy、消息队列、数据库等内容。 爬虫的基本原理是模拟浏览器...
python 构建代理池1.0版,https://www.jianshu.com/p/fd92ca79c9c7,代理池 三天小长假， 朋友圈都被刷屏了，各种的照片，景色。真是不孬。 长的帅的约会去了，有钱的旅游去了，长的丑还没有钱的只能在家撸代码了。 朋友...
Python爬虫之requests库入门,https://www.jianshu.com/p/9134338a8289,"网络爬虫就是提取网页的信息。网络爬虫的原则就是谨记“the website is API”,就是我们所面对的对象和信息来源都是各个website..."
爬虫入门系列（三）：用 requests 构建知乎 API,https://www.jianshu.com/p/bd4743c88275,在爬虫系列文章 优雅的HTTP库requests 中介绍了 requests 的使用方式，这一次我们用 requests 构建一个知乎 API，...
爬虫分析新浪微博人际关系,https://www.jianshu.com/p/a0a9aed637ea,好久没玩过新浪微博，突然来心情想分析下，于是有了这个单线程且慢吞吞的小爬虫。看这图还是很震撼的，提供个我的在线预览版本传送门点击拖动，滚轮缩...
爬取trip advisor英文评论（二）,https://www.jianshu.com/p/870c204f4852,书接上文，http://www.jianshu.com/p/331c25b86938，在抓包之后找到了评论的真实网址，接下来就是将真实网址构造出...
Python爬虫系列（三）多线程爬取斗图网站（皮皮虾，我们上车）,https://www.jianshu.com/p/a2a5ed5f6a96,最近看了Python多线程的相关内容，并且前几天观看了腾讯课堂潭州学院上面的关于斗图网爬取的公开课，课程内容大致是利用Python多线程爬取斗图...
大规模爬虫流程总结,https://www.jianshu.com/p/47107e44a87f,爬虫是一个比较容易上手的技术，也许花5分钟看一篇文档就能爬取单个网页上的数据。但对于大规模爬虫，完全就是另一回事，并不是1*n这么简单，还会衍生...
知乎用户分析,https://www.jianshu.com/p/962bc581e03a,引言：由于前阵子有点时间，再加上一点点兴趣，于是就用 Python 语言写了一个爬虫对平时经常浏览的社区――知乎的用户信息进行抓取，并最终成功抓...
Python爬虫系列（四）（简单）Dota排行榜爬取，并存入Excel表格,https://www.jianshu.com/p/1409383b6ad0,在编写Python程序的时候，有很多库供我们选择，如urllib、requests，BeautifulSoup，lxml，正则表达式等等，使得我...
雪球网沪深全站股票评论爬虫,https://www.jianshu.com/p/4e63900306bf,这个爬虫写得好累，就简单讲一下思路吧。雪球网股票的评论内容是不能直接访问的，必须要携带在第一次访问时雪球网写进本地的cookie（其实你随便打开...
多进程+多线程+redis 构建简单分布式程序,https://www.jianshu.com/p/a563ab9e2b92,前言 最近把目光投向了，妹子图（你一看见这三个字是不是头都大了， 怎么又是这个网站，被这帮搞爬虫的都爬烂了吧），先不要着急，别人爬过不代表你也能...
python 分析Ajax来抓取今日头条街拍美图,https://www.jianshu.com/p/485b73639cd7,本文是学习 天善学院 Python3爬虫三大案例实战分享 / 分析Ajax抓取今日头条街拍美图 后所写，感谢崔庆才崔老师。天善学院 Python...
抓取单博主的所有微博及其评论,https://www.jianshu.com/p/832d33a377f7,这是个简单又复杂的爬虫。抓取逻辑很简单，但任务实现会略微繁琐。但只要思路清楚，还是很简单的。对象-路易威登微博网址：http://m.weibo...
爬虫笔记（五） -  关于Scrapy 全站遍历Crawlspider,https://www.jianshu.com/p/0611449b7c1c,首先要感谢小白进阶之Scrapy第二篇（登录篇）笔者是爬取了www.haoduofuli.wang，可惜挂掉了。所以我转移了目标~~~目标站点：...
教务处考试系统自动答题,https://www.jianshu.com/p/aeb09ef4f01a,学校要求登录教务处网站做一个测试题，我做了看了看，30分钟300道题，240分几个，题量不少，题还不好做。研究了一下发现原来在网站上就有题库的，...
基于 QQRobot 和图灵机器人实现的 QQ 群聊机器人,https://www.jianshu.com/p/9e18b46bfc65,说明：文章内容全部截选自实验楼项目教程【基于 QQRobot 和图灵机器人实现的 QQ 群聊机器人】. 相信大家平时可能也在各种 QQ 群里遇到...
如何构建一个分布式爬虫：理论篇,https://www.jianshu.com/p/b26124772a00,前言 本系列文章计划分三个章节进行讲述，分别是理论篇、基础篇和实战篇。理论篇主要为构建分布式爬虫而储备的理论知识，基础篇会基于理论篇的知识写一个...
Python爬煎蛋网的图片――老司机的第一步,https://www.jianshu.com/p/db8614835c63,最近一直在看廖大的教程，但是看着看着，我好无聊啊，于是就去找了一些煎蛋（简单）的爬虫小知识，意外的打开了新世界的大门。啊哈，这下安逸咯~ 煎蛋说...
网页正文及内容图片提取算法,https://www.jianshu.com/p/d43422081e4b,备份自：http://blog.rainy.im/2015/09/02/web-content-and-main-image-extractor...
简单抓站的N种方式（一）-urllib与bs4,https://www.jianshu.com/p/dd88ea858079,如果要搞个抓站语言排行榜的话，python肯定是榜首无疑。本文分享一下不使用框架也能高效快速爬取网页的学习心得，python3中可使用Beaut...
网站爬虫+SQL注入检测插件,https://www.jianshu.com/p/4c84b039a317,说明：文章内容截选自实验楼教程【Python打造漏洞扫描器】第一节。 一、实验介绍 扫描器需要实现功能的思维导图： 1.1 实验内容 编写一个简...
Python 爬虫第三步 -- 多线程爬虫,https://www.jianshu.com/p/4e3b0e15d5df,XPath 的安装以及使用 1 . XPath 的介绍刚学过正则表达式，用的正顺手，现在就把正则表达式替换掉，使用 XPath，有人表示这太坑爹...
Scrapy爬虫入门实例,https://www.jianshu.com/p/8fc69b2e7b21,在搭建好了Scrapy的开发环境后（如果配置过程中遇到问题，请参考上一篇文章搭建Scrapy爬虫的开发环境，或者在博客里留言），我们开始演示爬取...
Python 简单爬去简书文章列表,https://www.jianshu.com/p/8b54edcc5d1d,"运行环境：python3.5.1 ,  库：bs4爬取一位大神的简书文章列表直接代码： 如果你是使用subl IDE 利用插件直接在subl 中..."
python爬虫实战之美女图,https://www.jianshu.com/p/15b8af06df89,最近学习python爬虫，写了一个简单的递归爬虫下载美女图片的程序。废话不多说，先上图： 一共是三千多张美图哦：）python版本为3.5，使用...
pycharm下虚拟环境执行并调试scrapy爬虫程序,https://www.jianshu.com/p/f85120fcbca0,虚拟环境virtualenv安装 参考我的上一篇文章windows下隔离python环境 配置scrapy环境 分别pip install Zo...
手把手教你写电商爬虫-第一课 找个软柿子捏捏 ,https://www.jianshu.com/p/21a985ff55da,话说现在基本上大家都在网上买东西，国家经济数据已经可以在网络购物的数据中略微窥见一二，再加上目前B2B行业的持续火爆，大有把所有交易搬到网上来的...
xiaolinBot（Twitter笑话集锦爬虫Bot） Step1－最简爬虫,https://www.jianshu.com/p/8e809df387a9,Step1 - 最简爬虫 前文提要 xiaolinBot（Twitter笑话集锦爬虫Bot） Step0－概述 环境准备 Python3.5 最...
【图文详解】scrapy爬虫与Ajax动态页面――爬取拉勾网职位信息（2）,https://www.jianshu.com/p/982dd9a368dd,上次挖了一个坑，今天终于填上了，还记得之前我们做的拉勾爬虫吗？那时我们实现了一页的爬取，今天让我们再接再厉，实现多页爬取，顺便实现职位和公司的关...
Python爬虫学习－爬取大规模数据(10w级）,https://www.jianshu.com/p/5f5cfefd7f1d,"编译环境：python v3.5.0, mac osx 10.11.4 python爬虫基础知识:  Python爬虫学习－基础爬取 了解数据库..."
自学Python-实现批量抓取妹子图片,https://www.jianshu.com/p/984315f63982,本人是搞Java、Android开发的，有编程基础。python是刚刚起步学习，在看完《Head first python》这本书后，一直想做一...
python实战计划--爬取小猪短租网房源信息,https://www.jianshu.com/p/ef1028a4668e,1.首先：明确目标 进入http://bj.xiaozhu.com/，然后进入详情页中爬取标题、地址、日租金、第一张房源图片链接、房东图片链接、...
我的爬虫之路(静态+动态JS加载(selenium + PhantomJS)),https://www.jianshu.com/p/5ee55a306dcb,"前言: (如果你想看动态爬虫请忽略前面的内容吧.前面写给新手的.)年前开始学的python,现在也在学习.挺多人问为什么要学python?首先p..."
Python3爬虫：（一）爬取拉勾网公司列表［已失效］,https://www.jianshu.com/p/8708c5accba8,"已失效,大家看个思路就好 爬取原因：Python新手，就是想了解一下Python工程师在北上广等大中城市的薪资水平与入职前要求。 准备工作： P..."
【爬虫】进阶修习系列 ・ 一,https://www.jianshu.com/p/dd308a374ac3,本文会涉及以下内容：【不定时修改中。。。】 1. pyspider的介绍； 2. 爬虫架构的典型设计； 3. 垂直搜索引擎的初探。 PySpid...
从几只爬虫开始（持续更新）,https://www.jianshu.com/p/947467ec9c8e,人生苦短，我用Python。 Why every programmer should learn Python or Ruby 更新记录： --...
史上最完全Mac安装Scrapy指南,https://www.jianshu.com/p/a03aab073a35,博主作为一名python爬虫爱好者，怎能不折腾下Scrapy？于是在折腾了两个下午之后，终于把Scrapy装在了Macbook上。说起来还真的是...
用python做些有意思的事――分析QQ聊天记录时间,https://www.jianshu.com/p/d8aaf26c7b55,
Python 爬虫 简单实现 （爬取下载链接）,https://www.jianshu.com/p/8fb5bc33c78e,项目地址：https://github.com/Kulbear/All-IT-eBooks-Spider喜欢欢迎Star！ 简介 最近在公司实习...
爬虫再探实战（五）―――爬取APP数据――超级课程表【一】,https://www.jianshu.com/p/4048e99adb36,http://www.cnblogs.com/buzhizhitong/p/5714419.html 在这里，用python3+fiddle...
python3爬虫演练-糗事百科,https://www.jianshu.com/p/8ed30a55af5a,今天的想的是加强一下python3爬虫的技巧，以爬糗事百科的段子作为练习目标，以下是爬虫经历。 1.导包 主要导两类包，一个是网络请求包urll...
Python爬取FLASH播放器中的资料,https://www.jianshu.com/p/0f3009021fd9,Python爬取FLASH播放器中的资料。 一、首先了解一下AMF协议: AMF(Action Message Format)是Flash与服务...
利用Beautifusoup爬取网页指定内容,https://www.jianshu.com/p/d86685f75d94,之前一直就对网络爬虫很感兴趣，刚好实验室学长有个小任务，就揽下来尝试着去做下，花了一天的时间完成了！ Beautifulsoup是什么 Beau...
利用Python进行数据分析(3) 使用IPython提高开发效率,https://www.jianshu.com/p/f0825b237879,一、IPython 简介 IPython 是一个交互式的 Python 解释器，而且它更加高效。它和大多传统工作模式（编辑->编译->运行)不同...
Python自定义豆瓣电影种类，排行，点评的爬取与存储（初级）,https://www.jianshu.com/p/1b355686ff90,Python 2.7IDE Pycharm 5.0.3 具体Selenium和PhantomJS配置及使用请看调用PhantomJS.exe自动...
微博的这个发贴细节可以过滤大批没有耐心的爬虫们,https://www.jianshu.com/p/b980b515d355,原文请移步斯科特安的时间 移动端登录后移步 http://m.weibo.cn/mblog 页面发贴，正常思路是：填写消息->其它选项->点击发...
利用 Python + Selenium 实现对页面的指定元素截图(可截长图元素),https://www.jianshu.com/p/7ed519854be7,斯科特安的时间 对WebElement截图 WebDriver.Chrome自带的方法只能对当前窗口截屏，且不能指定特定元素。若是需要截取特定元...
漫谈Pyspider网络爬虫的实践,https://www.jianshu.com/p/166dc7db0d91,感觉很久没有写点东西了，因为最近太忙（外因）或是自身太懒（内因）的原因。总之，很早之前，我就开始规划着写点关于网络爬虫方面的文章，介绍性质的，但...
在python 中如何将 list 转化成 dictionary,https://www.jianshu.com/p/fbf71e6da515,问题1：如何将一个list转化成一个dictionary？ 问题描述：比如在python中我有一个如下的list，其中奇数位置对应字典的key，...
利用Python进行数据分析(10) pandas基础: 处理缺失数据,https://www.jianshu.com/p/2eb1fc7332bd,数据不完整在数据分析的过程中很常见。pandas使用浮点值NaN表示浮点和非浮点数组里的缺失数据。pandas使用isnull()和notnul...
Python爬虫初学（一）―― 爬取段子,https://www.jianshu.com/p/0e7d1c80b8c3,最近开始学Python的爬虫，是在这个博客跟着学习的，该博主用的是Python 2.7版本，而我使用的是3.5版本，很多不兼容的地方，不过没关系...
网络爬虫: 从allitebooks.com抓取书籍信息并从amazon.com抓取价格(1): 基础知识Beautiful Soup,https://www.jianshu.com/p/9fbfc7f9ff5f,开始学习网络数据挖掘方面的知识，首先从Beautiful Soup入手（Beautiful Soup是一个Python库，功能是从HTML和XM...
一个爬freebuf所有历史文章的爬虫,https://www.jianshu.com/p/36e88702853b,Freebuf-Spider 一个抓取freebuf所有栏目的文章的爬虫，以离线网页形式展现，上传了一些爬取好的结果 程序运行方式 输入文件名：...
从数据角度解析福州美食,https://www.jianshu.com/p/7af8bf250b3a,上一篇网页爬虫分析博客意外在知乎获得了过千的点赞（有哪些网站用爬虫爬取能得到很有价值的数据？），坚定了我继续玩爬虫的决心。 这次爬点啥好？作为一...
BeautifulSoup和json库在爬虫项目中的应用,https://www.jianshu.com/p/a075318d0f02,在重构人人贷爬虫的过程中，主要要爬取的数据是以json数据的格式呈现的，要提取的html内容如下： 在之前的版本中，应用了re进行简单粗暴的正则...
Python 爬虫第一步 - 正则表达式,https://www.jianshu.com/p/07d79e710f2b,正则表达式的使用 想要学习 Python 爬虫 ， 首先需要了解一下正则表达式的使用，下面我们就来看看如何使用。 . 的使用这个时候的点就相当于...
python通用内容提取（1）--初探,https://www.jianshu.com/p/365be73a445d,爬虫的工作流程大致如下， 下载html --> 提取内容与url --> 调度 --> 继续下载... 今日打算谈谈我对于提取内容与url的看法...
写一只"独立"的python爬虫-浅谈用爬虫自行抓取代理ip网站信息,https://www.jianshu.com/p/ec347c1b8bb3,【作者：0han 未经授权请不要转载】 8/29更新： 由于发现昨天的代码所爬的网站资源太少，而且没有翻页，所以换了一个网站，kuaidaili...
一个简单的小爬虫――奥运健儿信息爬取,https://www.jianshu.com/p/59c2abfa4962,轰轰烈烈而又满是槽点的里约奥运会已经结束好久了（吗），莘莘学子也迎来了又一年的开学季，即将投入到紧张的学习中去，然而，暑假收获的那一大堆老公老婆...
用Python来学外语,https://www.jianshu.com/p/acef36f1b9b9,缘起 看到有人在简书里面谈起从事兼职的事情，忽然之间就觉得自己不能放下曾经学过的知识，特别是目前不常用的语言――英语。和中文一样，常用的字词应该...
简单爬虫---寻找同时卖不同商品的淘宝店铺,https://www.jianshu.com/p/ebf5d511e238,这个简单的爬虫是为了满足个人的一个需求：有时候在淘宝时，买一些组合的东西(比如一次买耳机头跟电焊，需要分开买)，或者不同的吃的零食，总是出现在不...
[Python]BeautifulSoup 4 notes,https://www.jianshu.com/p/973953579f1b,BS4 BeautifulSoup是用来从HTML or XML中提取数据的Python lib。BeautifulSoup将文档转化为树形结构...
How to install Scrapy 3.1.1rc3 for Python3 on Windows and use it in Pycharm ,https://www.jianshu.com/p/54c906b18a42,"It is really painful if you try to install Scrapy on Windows, not mentio..."
一分钟用python采集网页,https://www.jianshu.com/p/414991cfe59a,需要 html通讯原理 安装python的requests 原理 根据http协议，模拟数据的传输 找到headers头信息，url，通讯方法（...
记第一次爬虫,https://www.jianshu.com/p/5636e2675b40,爬上海证券网的大标题和top-topic。使用的是beautifulsoup。 过程中遇到的问题 网页结构不难，我希望能得到网页中所有的大标题-...
使用Scrapyd部署爬虫,https://www.jianshu.com/p/f0077adb74bb,为什么要用Scrapyd？Scrapyd是scrapinghub官方提供的爬虫管理、部署、监控的方案之一，另一个是Scrapy Cloud。官方...
Scrapinghub产品线介绍,https://www.jianshu.com/p/c6d234be8ac0,Scrapinghub https://github.com/scrapinghubhttp://scrapinghub.com portiav...
pyenv技能指南,https://www.jianshu.com/p/a349a17d4596,原文 初识pyenv：一个简单的Python版本管理工具。以前叫做Pythonbrew，Pyenv让你能够方便地切换全局Python版本，安装多...
用Python爬取实习信息（Scrapy初体验）,https://www.jianshu.com/p/35c0830448c2,1.目标 这两天要弄一个大作业，从水木社区和北大未名社区的实习板块，爬取实习信息，保存在MongoDB数据库。正好想学习一下scrapy框架的使...
做一个小爬虫监控,https://www.jianshu.com/p/8172e4c131ff,场景和需求是这样的： 给予这样的场景和需求就有了以下的内容了。 1.首先网站的数据页面找出来，可以用各种web开发工具，我这里使用的是httpf...
Scrapy爬虫学习记录,https://www.jianshu.com/p/65e5498002a7,昨天休息的时候偶然发现了一个的球鞋网站，上面有很多关于球鞋的资讯。于是，决定现学现卖，学习scrapy把数据都给爬下来。 故事的开端应该交代我的...
scrapy笔记(4) - 跟踪调试scrapy,https://www.jianshu.com/p/e93ed49fde34,"学习要点 学习如何跟踪调试scrapy框架 oh..距离上次写scrapy笔记3已经有一个多月了,跳票这么久,除了投简历找工作就是自己懒癌发作...."
Python利用Requests库写爬虫（一）,https://www.jianshu.com/p/e1f8b690b951,基本Get请求： 带参数Get请求： POST请求模拟登陆及一些返回对象的方法： 使用Session()对象的写法（Prepared Reque...
Python利用Requests库写爬虫（二）,https://www.jianshu.com/p/a86b9824490c,学会了Request库的基本用法，接下来我想利用Requests来抓取火车票数据。 基本用法:Python利用Requests库写爬虫（一） 根...
scrapy笔记（3）将数据保存到mongo,https://www.jianshu.com/p/e2e6da06f646,整个项目的路径结构 首先修改settings配置文件，添加mongo配置： 将mongo详细配置写到mongodb.py文件中： 现在的test...
scrapy笔记(3)-微博模拟登录及抓取微博内容,https://www.jianshu.com/p/36a39ea71bfd,参考阅读 基于python的新浪微博模拟登陆Python模拟登录新浪微薄（使用RSA加密方式和Cookies文件新浪微博登录rsa加密方法模拟登...
scrapy笔记（2）爬天天美剧首页,https://www.jianshu.com/p/e4753d2df1ae,昨天初学了下scrapy，今天测试下效果，看见网上很多都是用豆瓣的页面做测试，那么久换个不一样的，就选择 天天美剧 了 response.xpa...
scrapy  笔记（1）,https://www.jianshu.com/p/9c275a7a3e00,1.创建scrapy项目： 创建后的目录结构 scrapy.cfg: 项目的配置文件 my_scrapy_project/: 该项目的pytho...
scrapy笔记(2) - 小试牛刀 (抓取豆瓣推理小说信息),https://www.jianshu.com/p/fb012aadbc21,1. 事前准备: 阅读[scrapy官方文档] [scrapy doc]至少一次 了解scrapy的基本命令及弄懂scrapy文档中例子的项目结...
scrapy笔记(1) - 安装,https://www.jianshu.com/p/d2ad3cf18b6d,安装 Linux: 使用pip安装 命令:pip install scrapy Windows 从 http://python.org/down...
棰,炬,绠浠
榛椤88棣椤,https://www.jianshu.comhttp://www.huangye88.com/,Q750虹靛寮烽炬
棰,炬,绠浠
棰,炬,绠浠
榛椤88棣椤,https://www.jianshu.comhttp://www.huangye88.com/,Q750虹靛寮烽炬
棰,炬,绠浠
浼涓褰,https://www.jianshu.comhttp://b2b.huangye88.com/,>>
棰,炬,绠浠
浼涓褰,https://www.jianshu.comhttp://b2b.huangye88.com/,>>
棰,炬,绠浠
浼涓褰,https://www.jianshu.comhttp://b2b.huangye88.com/,>>
